Date,SPY,^SPX
2019-01-02,223.80592346191406,2510.030029296875
2019-01-03,218.46531677246094,2447.889892578125
2019-01-04,225.78298950195312,2531.93994140625
2019-01-07,227.56320190429688,2549.68994140625
2019-01-08,229.7012176513672,2574.409912109375
2019-01-09,230.7747344970703,2584.9599609375
2019-01-10,231.5888214111328,2596.639892578125
2019-01-11,231.6782684326172,2596.260009765625
2019-01-14,230.26480102539062,2582.610107421875
2019-01-15,232.9038543701172,2610.300048828125
2019-01-16,233.46734619140625,2616.10009765625
2019-01-17,235.2387237548828,2635.9599609375
2019-01-18,238.36972045898438,2670.7099609375
2019-01-22,235.14920043945312,2632.89990234375
2019-01-23,235.64132690429688,2638.699951171875
2019-01-24,235.76646423339844,2642.330078125
2019-01-25,237.76141357421875,2664.760009765625
2019-01-28,235.95431518554688,2643.85009765625
2019-01-29,235.64132690429688,2640.0
2019-01-30,239.37161254882812,2681.050048828125
2019-01-31,241.473876953125,2704.10009765625
2019-02-01,241.59024047851562,2706.530029296875
2019-02-04,243.2898712158203,2724.8701171875
2019-02-05,244.30970764160156,2737.699951171875
2019-02-06,243.98770141601562,2731.610107421875
2019-02-07,241.6618194580078,2706.050048828125
2019-02-08,241.95693969726562,2707.8798828125
2019-02-11,242.09117126464844,2709.800048828125
2019-02-12,245.2042999267578,2744.72998046875
2019-02-13,246.00042724609375,2753.030029296875
2019-02-14,245.454833984375,2745.72998046875
2019-02-15,248.12954711914062,2775.60009765625
2019-02-19,248.5590057373047,2779.760009765625
2019-02-20,249.0599365234375,2784.699951171875
2019-02-21,248.17428588867188,2774.8798828125
2019-02-22,249.7130126953125,2792.669921875
2019-02-25,250.05288696289062,2796.110107421875
2019-02-26,249.87403869628906,2793.89990234375
2019-02-27,249.76661682128906,2792.3798828125
2019-02-28,249.3014373779297,2784.489990234375
2019-03-01,250.8581085205078,2803.68994140625
2019-03-04,249.94558715820312,2792.81005859375
2019-03-05,249.6056365966797,2789.64990234375
2019-03-06,248.09376525878906,2771.449951171875
2019-03-07,246.0183868408203,2748.929931640625
2019-03-08,245.52639770507812,2743.070068359375
2019-03-11,249.08682250976562,2783.300048828125
2019-03-12,250.02606201171875,2791.52001953125
2019-03-13,251.6811981201172,2810.919921875
2019-03-14,251.52001953125,2808.47998046875
2019-03-15,252.76266479492188,2822.47998046875
2019-03-18,253.67918395996094,2832.93994140625
2019-03-19,253.74205017089844,2832.570068359375
2019-03-20,252.97830200195312,2824.22998046875
2019-03-21,255.83558654785156,2854.8798828125
2019-03-22,250.9117889404297,2800.7099609375
2019-03-25,250.72311401367188,2798.360107421875
2019-03-26,252.5919647216797,2818.4599609375
2019-03-27,251.2711639404297,2805.3701171875
2019-03-28,252.2235870361328,2815.43994140625
2019-03-29,253.81399536132812,2834.39990234375
2019-04-01,256.8239440917969,2867.18994140625
2019-04-02,256.94976806640625,2867.239990234375
2019-04-03,257.35418701171875,2873.39990234375
2019-04-04,258.0369873046875,2879.389892578125
2019-04-05,259.2859191894531,2892.739990234375
2019-04-08,259.4836120605469,2895.77001953125
2019-04-09,258.1537780761719,2878.199951171875
2019-04-10,259.0343933105469,2888.2099609375
2019-04-11,258.96246337890625,2888.320068359375
2019-04-12,260.7146301269531,2907.409912109375
2019-04-15,260.5439453125,2905.580078125
2019-04-16,260.7146301269531,2907.06005859375
2019-04-17,260.0766906738281,2900.449951171875
2019-04-18,260.5888366699219,2905.030029296875
2019-04-22,260.8134765625,2907.969970703125
2019-04-23,263.1585998535156,2933.679931640625
2019-04-24,262.5744934082031,2927.25
2019-04-25,262.41278076171875,2926.169921875
2019-04-26,263.6348876953125,2939.8798828125
2019-04-29,264.0481262207031,2943.030029296875
2019-04-30,264.1828918457031,2945.830078125
2019-05-01,262.19720458984375,2923.72998046875
2019-05-02,261.631103515625,2917.52001953125
2019-05-03,264.19189453125,2945.639892578125
2019-05-06,263.1045837402344,2932.469970703125
2019-05-07,258.7109375,2884.050048828125
2019-05-08,258.3514709472656,2879.419921875
2019-05-09,257.56976318359375,2870.719970703125
2019-05-10,258.86370849609375,2881.39990234375
2019-05-13,252.3583984375,2811.8701171875
2019-05-14,254.6405792236328,2834.409912109375
2019-05-15,256.1321105957031,2850.9599609375
2019-05-16,258.5042419433594,2876.320068359375
2019-05-17,256.83294677734375,2859.530029296875
2019-05-20,255.1348419189453,2840.22998046875
2019-05-21,257.4350891113281,2864.360107421875
2019-05-22,256.6441650390625,2856.27001953125
2019-05-23,253.50851440429688,2822.239990234375
2019-05-24,254.0834503173828,2826.06005859375
2019-05-28,251.72044372558594,2802.389892578125
2019-05-29,250.0312957763672,2783.02001953125
2019-05-30,250.714111328125,2788.860107421875
2019-05-31,247.3355712890625,2752.06005859375
2019-06-03,246.70669555664062,2744.449951171875
2019-06-04,252.06185913085938,2803.27001953125
2019-06-05,254.24525451660156,2826.14990234375
2019-06-06,255.89857482910156,2843.489990234375
2019-06-07,258.4593811035156,2873.340087890625
2019-06-10,259.6453857421875,2886.72998046875
2019-06-11,259.58245849609375,2885.719970703125
2019-06-12,259.1242370605469,2879.840087890625
2019-06-13,260.1933288574219,2891.639892578125
2019-06-14,259.9059753417969,2886.97998046875
2019-06-17,260.0047912597656,2889.669921875
2019-06-18,262.7272033691406,2917.75
2019-06-19,263.3202819824219,2926.4599609375
2019-06-20,265.836181640625,2954.179931640625
2019-06-21,265.44970703125,2950.4599609375
2019-06-24,265.1247253417969,2945.35009765625
2019-06-25,262.5242614746094,2917.3798828125
2019-06-26,262.2625427246094,2913.780029296875
2019-06-27,263.1925354003906,2924.919921875
2019-06-28,264.54681396484375,2941.760009765625
2019-07-01,266.9485778808594,2964.330078125
2019-07-02,267.64373779296875,2973.010009765625
2019-07-03,269.7835693359375,2995.820068359375
2019-07-05,269.47662353515625,2990.409912109375
2019-07-08,267.995849609375,2975.949951171875
2019-07-09,268.3299865722656,2979.6298828125
2019-07-10,269.61212158203125,2993.070068359375
2019-07-11,270.2441101074219,2999.909912109375
2019-07-12,271.45404052734375,3013.77001953125
2019-07-15,271.5442199707031,3014.300048828125
2019-07-16,270.66851806640625,3004.0400390625
2019-07-17,268.8265380859375,2984.419921875
2019-07-18,269.8106689453125,2995.110107421875
2019-07-19,268.31195068359375,2976.610107421875
2019-07-22,268.9709777832031,2985.030029296875
2019-07-23,270.8941345214844,3005.469970703125
2019-07-24,272.167236328125,3019.56005859375
2019-07-25,270.8670349121094,3003.669921875
2019-07-26,272.681884765625,3025.860107421875
2019-07-29,272.1852722167969,3020.969970703125
2019-07-30,271.5170593261719,3013.179931640625
2019-07-31,268.5466613769531,2980.3798828125
2019-08-01,266.2081604003906,2953.56005859375
2019-08-02,264.2037048339844,2932.050048828125
2019-08-05,256.2582702636719,2844.739990234375
2019-08-06,259.8517761230469,2881.77001953125
2019-08-07,260.00531005859375,2883.97998046875
2019-08-08,265.10662841796875,2938.090087890625
2019-08-09,263.3009033203125,2918.64990234375
2019-08-12,260.0956115722656,2882.699951171875
2019-08-13,264.14056396484375,2926.320068359375
2019-08-14,256.3305358886719,2840.60009765625
2019-08-15,257.0076904296875,2847.60009765625
2019-08-16,260.7998962402344,2888.679931640625
2019-08-19,263.94189453125,2923.64990234375
2019-08-20,261.9194030761719,2900.510009765625
2019-08-21,264.05023193359375,2924.429931640625
2019-08-22,263.9690246582031,2922.949951171875
2019-08-23,257.18829345703125,2847.110107421875
2019-08-26,260.03240966796875,2878.3798828125
2019-08-27,259.0120544433594,2869.159912109375
2019-08-28,260.8359680175781,2887.93994140625
2019-08-29,264.1676940917969,2924.580078125
2019-08-30,264.05023193359375,2926.4599609375
2019-09-03,262.5062255859375,2906.27001953125
2019-09-04,265.48590087890625,2937.780029296875
2019-09-05,268.8988037109375,2976.0
2019-09-06,269.1064147949219,2978.7099609375
2019-09-09,269.2418212890625,2978.429931640625
2019-09-10,269.17864990234375,2979.389892578125
2019-09-11,271.0927734375,3000.929931640625
2019-09-12,272.03173828125,3009.570068359375
2019-09-13,271.8511962890625,3007.389892578125
2019-09-16,271.01153564453125,2997.9599609375
2019-09-17,271.69781494140625,3005.699951171875
2019-09-18,271.8602294921875,3006.72998046875
2019-09-19,271.8422546386719,3006.7900390625
2019-09-20,270.5578308105469,2992.070068359375
2019-09-23,270.49432373046875,2991.780029296875
2019-09-24,268.371826171875,2966.60009765625
2019-09-25,269.9590759277344,2984.8701171875
2019-09-26,269.39678955078125,2977.6201171875
2019-09-27,267.9454345703125,2961.7900390625
2019-09-30,269.1880798339844,2976.739990234375
2019-10-01,265.9862365722656,2940.25
2019-10-02,261.28765869140625,2887.610107421875
2019-10-03,263.4283142089844,2910.6298828125
2019-10-04,266.99310302734375,2952.010009765625
2019-10-07,265.841064453125,2938.7900390625
2019-10-08,261.7139587402344,2893.06005859375
2019-10-09,264.1993408203125,2919.39990234375
2019-10-10,265.9862365722656,2938.1298828125
2019-10-11,268.74371337890625,2970.27001953125
2019-10-14,268.44439697265625,2966.14990234375
2019-10-15,271.10205078125,2995.679931640625
2019-10-16,270.6666259765625,2989.68994140625
2019-10-17,271.4648742675781,2997.949951171875
2019-10-18,270.2765808105469,2986.199951171875
2019-10-21,272.1089172363281,3006.719970703125
2019-10-22,271.219970703125,2995.989990234375
2019-10-23,272.009033203125,3004.52001953125
2019-10-24,272.4534606933594,3010.2900390625
2019-10-25,273.5692138671875,3022.550048828125
2019-10-28,275.1112365722656,3039.419921875
2019-10-29,275.0296630859375,3036.889892578125
2019-10-30,275.8731689453125,3046.77001953125
2019-10-31,275.138427734375,3037.56005859375
2019-11-01,277.6872863769531,3066.909912109375
2019-11-04,278.80291748046875,3078.27001953125
2019-11-05,278.49456787109375,3074.6201171875
2019-11-06,278.55804443359375,3076.780029296875
2019-11-07,279.5376281738281,3085.179931640625
2019-11-08,280.2270812988281,3093.080078125
2019-11-11,279.6918640136719,3087.010009765625
2019-11-12,280.28155517578125,3091.840087890625
2019-11-13,280.37225341796875,3094.0400390625
2019-11-14,280.78033447265625,3096.6298828125
2019-11-15,282.8121032714844,3120.4599609375
2019-11-18,283.020751953125,3122.030029296875
2019-11-19,282.939208984375,3120.179931640625
2019-11-20,281.8869934082031,3108.4599609375
2019-11-21,281.433349609375,3103.5400390625
2019-11-22,282.0592956542969,3110.2900390625
2019-11-25,284.24530029296875,3133.639892578125
2019-11-26,284.8893127441406,3140.52001953125
2019-11-27,286.1592102050781,3153.6298828125
2019-11-29,285.0979919433594,3140.97998046875
2019-12-02,282.6761169433594,3113.8701171875
2019-12-03,280.78033447265625,3093.199951171875
2019-12-04,282.5128173828125,3112.760009765625
2019-12-05,283.020751953125,3117.429931640625
2019-12-06,285.6059265136719,3145.909912109375
2019-12-09,284.7079162597656,3135.9599609375
2019-12-10,284.39044189453125,3132.52001953125
2019-12-11,285.19781494140625,3141.6298828125
2019-12-12,287.65582275390625,3168.570068359375
2019-12-13,287.82818603515625,3168.800048828125
2019-12-16,289.8055419921875,3191.449951171875
2019-12-17,289.86907958984375,3192.52001953125
2019-12-18,289.8871765136719,3191.139892578125
2019-12-19,291.07550048828125,3205.3701171875
2019-12-20,292.3515625,3221.219970703125
2019-12-23,292.7982482910156,3224.010009765625
2019-12-24,292.8074035644531,3223.3798828125
2019-12-26,294.36614990234375,3239.909912109375
2019-12-27,294.2930908203125,3240.02001953125
2019-12-30,292.67059326171875,3221.2900390625
2019-12-31,293.38165283203125,3230.780029296875
2020-01-02,296.1253662109375,3257.85009765625
2020-01-03,293.88299560546875,3234.85009765625
2020-01-06,295.00408935546875,3246.280029296875
2020-01-07,294.1746826171875,3237.179931640625
2020-01-08,295.742431640625,3253.050048828125
2020-01-09,297.747802734375,3274.699951171875
2020-01-10,296.8909606933594,3265.35009765625
2020-01-13,298.9327087402344,3288.1298828125
2020-01-14,298.4770812988281,3283.14990234375
2020-01-15,299.1515808105469,3289.2900390625
2020-01-16,301.6399841308594,3316.81005859375
2020-01-17,302.5787658691406,3329.6201171875
2020-01-21,301.986328125,3320.7900390625
2020-01-22,302.02288818359375,3321.75
2020-01-23,302.3691711425781,3325.5400390625
2020-01-24,299.6802062988281,3295.469970703125
2020-01-27,294.87652587890625,3243.6298828125
2020-01-28,297.966552734375,3276.239990234375
2020-01-29,297.720458984375,3273.39990234375
2020-01-30,298.68670654296875,3283.659912109375
2020-01-31,293.2630920410156,3225.52001953125
2020-02-03,295.4416809082031,3248.919921875
2020-02-04,299.94451904296875,3297.590087890625
2020-02-05,303.4083251953125,3334.68994140625
2020-02-06,304.4293212890625,3345.780029296875
2020-02-07,302.8067932128906,3327.7099609375
2020-02-10,305.0673522949219,3352.090087890625
2020-02-11,305.5959777832031,3357.75
2020-02-12,307.5649108886719,3379.449951171875
2020-02-13,307.2367248535156,3373.93994140625
2020-02-14,307.7289733886719,3380.159912109375
2020-02-18,306.9359130859375,3370.2900390625
2020-02-19,308.40350341796875,3386.14990234375
2020-02-20,307.1365051269531,3373.22998046875
2020-02-21,303.9734802246094,3337.75
2020-02-24,293.8920593261719,3225.889892578125
2020-02-25,284.98651123046875,3128.2099609375
2020-02-26,283.93829345703125,3116.389892578125
2020-02-27,271.1860656738281,2978.760009765625
2020-02-28,270.0467529296875,2954.219970703125
2020-03-02,281.7415466308594,3090.22998046875
2020-03-03,273.6745910644531,3003.3701171875
2020-03-04,285.1779479980469,3130.1201171875
2020-03-05,275.6982116699219,3023.93994140625
2020-03-06,271.14056396484375,2972.3701171875
2020-03-09,249.9659423828125,2746.56005859375
2020-03-10,262.900390625,2882.22998046875
2020-03-11,250.08444213867188,2741.3798828125
2020-03-12,226.15704345703125,2480.639892578125
2020-03-13,245.49037170410156,2711.02001953125
2020-03-16,218.62789916992188,2386.1298828125
2020-03-17,230.4320831298828,2529.18994140625
2020-03-18,218.76466369628906,2398.10009765625
2020-03-19,219.22955322265625,2409.389892578125
2020-03-20,209.7820281982422,2304.919921875
2020-03-23,204.41824340820312,2237.39990234375
2020-03-24,222.939208984375,2447.330078125
2020-03-25,226.27664184570312,2475.56005859375
2020-03-26,239.48890686035156,2630.070068359375
2020-03-27,232.35557556152344,2541.469970703125
2020-03-30,239.9015350341797,2626.64990234375
2020-03-31,236.32565307617188,2584.590087890625
2020-04-01,225.68978881835938,2470.5
2020-04-02,230.89772033691406,2526.89990234375
2020-04-03,227.56028747558594,2488.64990234375
2020-04-06,242.8446807861328,2663.679931640625
2020-04-07,243.09222412109375,2659.409912109375
2020-04-08,251.25245666503906,2749.97998046875
2020-04-09,255.07577514648438,2789.820068359375
2020-04-13,252.7469482421875,2761.6298828125
2020-04-14,260.2012023925781,2846.06005859375
2020-04-15,254.67234802246094,2783.360107421875
2020-04-16,255.90103149414062,2799.550048828125
2020-04-17,262.8143310546875,2874.56005859375
2020-04-20,258.1840515136719,2823.159912109375
2020-04-21,250.34481811523438,2736.56005859375
2020-04-22,255.90103149414062,2799.31005859375
2020-04-23,255.8826904296875,2797.800048828125
2020-04-24,259.4493408203125,2836.739990234375
2020-04-27,263.190185546875,2878.47998046875
2020-04-28,261.97991943359375,2863.389892578125
2020-04-29,268.83807373046875,2939.510009765625
2020-04-30,266.3351135253906,2912.429931640625
2020-05-01,259.2843322753906,2830.7099609375
2020-05-04,259.9994812011719,2842.739990234375
2020-05-05,262.4017028808594,2868.43994140625
2020-05-06,260.62298583984375,2848.419921875
2020-05-07,263.7678527832031,2881.18994140625
2020-05-08,268.1322021484375,2929.800048828125
2020-05-11,268.1872863769531,2930.18994140625
2020-05-12,262.8418273925781,2870.1201171875
2020-05-13,258.19329833984375,2820.0
2020-05-14,261.2830505371094,2852.5
2020-05-15,262.4842834472656,2863.699951171875
2020-05-18,270.4794006347656,2953.909912109375
2020-05-19,267.7012939453125,2922.93994140625
2020-05-20,272.2489318847656,2971.610107421875
2020-05-21,270.369384765625,2948.510009765625
2020-05-22,270.8827819824219,2955.449951171875
2020-05-26,274.22027587890625,2991.77001953125
2020-05-27,278.3003234863281,3036.1298828125
2020-05-28,277.7870178222656,3029.72998046875
2020-05-29,279.024658203125,3044.31005859375
2020-06-01,280.15240478515625,3055.72998046875
2020-06-02,282.4721984863281,3080.820068359375
2020-06-03,286.23126220703125,3122.8701171875
2020-06-04,285.4795837402344,3112.35009765625
2020-06-05,292.7962646484375,3193.929931640625
2020-06-08,296.3354187011719,3232.389892578125
2020-06-09,294.12567138671875,3207.179931640625
2020-06-10,292.4845275878906,3190.139892578125
2020-06-11,275.62310791015625,3002.10009765625
2020-06-12,278.92388916015625,3041.31005859375
2020-06-15,281.52783203125,3066.590087890625
2020-06-16,286.9465637207031,3124.739990234375
2020-06-17,285.7546691894531,3113.489990234375
2020-06-18,285.8645935058594,3115.340087890625
2020-06-19,284.2309265136719,3097.739990234375
2020-06-22,286.0543212890625,3117.860107421875
2020-06-23,287.37127685546875,3131.2900390625
2020-06-24,280.0408630371094,3050.330078125
2020-06-25,283.0429382324219,3083.760009765625
2020-06-26,276.32025146484375,3009.050048828125
2020-06-29,280.3814697265625,3053.239990234375
2020-06-30,283.97308349609375,3100.2900390625
2020-07-01,285.9622497558594,3115.860107421875
2020-07-02,287.5369567871094,3130.010009765625
2020-07-06,291.975830078125,3179.719970703125
2020-07-07,288.96441650390625,3145.320068359375
2020-07-08,291.17462158203125,3169.93994140625
2020-07-09,289.51702880859375,3152.050048828125
2020-07-10,292.4731140136719,3185.0400390625
2020-07-13,289.9405822753906,3155.219970703125
2020-07-14,293.69793701171875,3197.52001953125
2020-07-15,296.3962707519531,3226.56005859375
2020-07-16,295.4200134277344,3215.570068359375
2020-07-17,296.2764587402344,3224.72998046875
2020-07-20,298.6708984375,3251.840087890625
2020-07-21,299.3062744140625,3257.300048828125
2020-07-22,301.00994873046875,3276.02001953125
2020-07-23,297.41845703125,3235.659912109375
2020-07-24,295.5029296875,3215.6298828125
2020-07-27,297.65789794921875,3239.409912109375
2020-07-28,295.7700500488281,3218.43994140625
2020-07-29,299.40765380859375,3258.43994140625
2020-07-30,298.33935546875,3246.219970703125
2020-07-31,300.6969299316406,3271.1201171875
2020-08-03,302.7873840332031,3294.610107421875
2020-08-04,303.9569396972656,3306.510009765625
2020-08-05,305.8447570800781,3327.77001953125
2020-08-06,307.88922119140625,3349.159912109375
2020-08-07,308.1102294921875,3351.280029296875
2020-08-10,309.0311584472656,3360.469970703125
2020-08-11,306.4801940917969,3333.68994140625
2020-08-12,310.7532043457031,3380.35009765625
2020-08-13,310.19146728515625,3373.429931640625
2020-08-14,310.20068359375,3372.85009765625
2020-08-17,311.1861267089844,3381.989990234375
2020-08-18,311.8583679199219,3389.780029296875
2020-08-19,310.5598449707031,3374.85009765625
2020-08-20,311.52691650390625,3385.510009765625
2020-08-21,312.63189697265625,3397.159912109375
2020-08-24,315.7998352050781,3431.280029296875
2020-08-25,316.9049987792969,3443.6201171875
2020-08-26,320.0821228027344,3478.72998046875
2020-08-27,320.781982421875,3484.550048828125
2020-08-28,322.8540954589844,3508.010009765625
2020-08-31,321.68450927734375,3500.31005859375
2020-09-01,324.7142333984375,3526.64990234375
2020-09-02,329.4109802246094,3580.840087890625
2020-09-03,318.0744934082031,3455.06005859375
2020-09-04,315.4775695800781,3426.9599609375
2020-09-08,306.8577575683594,3331.840087890625
2020-09-09,312.9174499511719,3398.9599609375
2020-09-10,307.4841003417969,3339.18994140625
2020-09-11,307.640625,3340.969970703125
2020-09-14,311.69256591796875,3383.5400390625
2020-09-15,313.2674255371094,3401.199951171875
2020-09-16,312.0241394042969,3385.489990234375
2020-09-17,309.27978515625,3357.010009765625
2020-09-18,305.7191467285156,3319.469970703125
2020-09-21,302.3166198730469,3281.06005859375
2020-09-22,305.39556884765625,3315.570068359375
2020-09-23,298.3131103515625,3236.919921875
2020-09-24,299.1082458496094,3246.590087890625
2020-09-25,303.9438781738281,3298.4599609375
2020-09-28,308.99224853515625,3351.60009765625
2020-09-29,307.3094787597656,3335.469970703125
2020-09-30,309.63946533203125,3363.0
2020-10-01,311.62738037109375,3380.800048828125
2020-10-02,308.66864013671875,3348.419921875
2020-10-05,314.14227294921875,3408.60009765625
2020-10-06,309.676513671875,3360.969970703125
2020-10-07,315.0668640136719,3419.43994140625
2020-10-08,317.85919189453125,3446.830078125
2020-10-09,320.6977233886719,3477.139892578125
2020-10-12,325.8569641113281,3534.219970703125
2020-10-13,323.73040771484375,3511.929931640625
2020-10-14,321.69622802734375,3488.669921875
2020-10-15,321.2986755371094,3483.340087890625
2020-10-16,321.1045837402344,3483.81005859375
2020-10-19,316.2226257324219,3426.919921875
2020-10-20,317.48931884765625,3443.1201171875
2020-10-21,316.8883361816406,3435.56005859375
2020-10-22,318.6265563964844,3453.489990234375
2020-10-23,319.7083435058594,3465.389892578125
2020-10-26,313.8001708984375,3400.969970703125
2020-10-27,312.7184143066406,3390.679931640625
2020-10-28,302.030029296875,3271.030029296875
2020-10-29,305.09967041015625,3310.110107421875
2020-10-30,301.9190368652344,3269.9599609375
2020-11-02,305.3031005859375,3310.239990234375
2020-11-03,310.693603515625,3369.159912109375
2020-11-04,317.63726806640625,3443.43994140625
2020-11-05,323.8320617675781,3510.449951171875
2020-11-06,323.7580871582031,3509.43994140625
2020-11-09,327.8263244628906,3550.5
2020-11-10,327.3455810546875,3545.530029296875
2020-11-11,329.77734375,3572.659912109375
2020-11-12,326.578125,3537.010009765625
2020-11-13,331.09942626953125,3585.14990234375
2020-11-16,335.23236083984375,3626.909912109375
2020-11-17,333.4294128417969,3609.530029296875
2020-11-18,329.416748046875,3567.7900390625
2020-11-19,330.8035583496094,3581.8701171875
2020-11-20,328.53839111328125,3557.5400390625
2020-11-23,330.5077209472656,3577.590087890625
2020-11-24,335.8333740234375,3635.409912109375
2020-11-25,335.315673828125,3629.64990234375
2020-11-27,336.24951171875,3638.35009765625
2020-11-30,334.7608642578125,3621.6298828125
2020-12-01,338.4222106933594,3662.449951171875
2020-12-02,339.13421630859375,3669.010009765625
2020-12-03,339.041748046875,3666.719970703125
2020-12-04,341.9635314941406,3699.1201171875
2020-12-07,341.26080322265625,3691.9599609375
2020-12-08,342.2593688964844,3702.25
2020-12-09,339.1897277832031,3672.820068359375
2020-12-10,339.0787658691406,3668.10009765625
2020-12-11,338.68115234375,3663.4599609375
2020-12-14,337.16485595703125,3647.489990234375
2020-12-15,341.7231140136719,3694.6201171875
2020-12-16,342.2593688964844,3701.169921875
2020-12-17,344.17327880859375,3722.47998046875
2020-12-18,342.7990417480469,3709.409912109375
2020-12-21,341.5733642578125,3694.919921875
2020-12-22,340.99761962890625,3687.260009765625
2020-12-23,341.3040771484375,3690.010009765625
2020-12-24,342.63189697265625,3703.06005859375
2020-12-28,345.5754089355469,3735.360107421875
2020-12-29,344.9161376953125,3727.0400390625
2020-12-30,345.4083251953125,3732.0400390625
2020-12-31,347.1632080078125,3756.070068359375
2021-01-04,342.4369201660156,3700.64990234375
2021-01-05,344.7954406738281,3726.860107421875
2021-01-06,346.8567810058594,3748.139892578125
2021-01-07,352.0102233886719,3803.7900390625
2021-01-08,354.01593017578125,3824.679931640625
2021-01-11,351.62945556640625,3799.610107421875
2021-01-12,351.7037353515625,3801.18994140625
2021-01-13,352.6509094238281,3809.840087890625
2021-01-14,351.41595458984375,3795.5400390625
2021-01-15,348.85321044921875,3768.25
2021-01-19,351.5923767089844,3798.909912109375
2021-01-20,356.4579772949219,3851.85009765625
2021-01-21,356.78289794921875,3853.070068359375
2021-01-22,355.5201416015625,3841.469970703125
2021-01-25,356.92218017578125,3855.360107421875
2021-01-26,356.3650817871094,3849.6201171875
2021-01-27,347.65533447265625,3750.77001953125
2021-01-28,350.6452331542969,3787.3798828125
2021-01-29,343.62548828125,3714.239990234375
2021-02-01,349.3452453613281,3773.860107421875
2021-02-02,354.28509521484375,3826.31005859375
2021-02-03,354.5637512207031,3830.169921875
2021-02-04,358.5935363769531,3871.739990234375
2021-02-05,360.0049133300781,3886.830078125
2021-02-08,362.6048278808594,3915.590087890625
2021-02-09,362.3633117675781,3911.22998046875
2021-02-10,362.2055358886719,3909.8798828125
2021-02-11,362.79058837890625,3916.3798828125
2021-02-12,364.58270263671875,3934.830078125
2021-02-16,364.2669677734375,3932.590087890625
2021-02-17,364.35052490234375,3931.330078125
2021-02-18,362.79986572265625,3913.969970703125
2021-02-19,362.15911865234375,3906.7099609375
2021-02-22,359.37347412109375,3876.5
2021-02-23,359.8099365234375,3881.3701171875
2021-02-24,363.7748107910156,3925.429931640625
2021-02-25,355.0093688964844,3829.340087890625
2021-02-26,353.18017578125,3811.14990234375
2021-03-01,361.7412414550781,3901.820068359375
2021-03-02,358.9185791015625,3870.2900390625
2021-03-03,354.1643981933594,3819.719970703125
2021-03-04,349.7817077636719,3768.469970703125
2021-03-05,356.2165222167969,3841.93994140625
2021-03-08,354.4430236816406,3821.35009765625
2021-03-09,359.503662109375,3875.43994140625
2021-03-10,361.7412414550781,3898.81005859375
2021-03-11,365.40899658203125,3939.340087890625
2021-03-12,365.9011535644531,3943.340087890625
2021-03-15,368.0832824707031,3968.93994140625
2021-03-16,367.6190185546875,3962.7099609375
2021-03-17,368.8724365234375,3974.1201171875
2021-03-18,363.5055847167969,3915.4599609375
2021-03-19,362.83294677734375,3913.10009765625
2021-03-22,365.7300720214844,3940.590087890625
2021-03-23,362.8515625,3910.52001953125
2021-03-24,361.0070495605469,3889.139892578125
2021-03-25,363.03790283203125,3909.52001953125
2021-03-26,368.8883056640625,3974.5400390625
2021-03-29,368.7018737792969,3971.090087890625
2021-03-30,367.72381591796875,3958.550048828125
2021-03-31,369.21429443359375,3972.889892578125
2021-04-01,373.20147705078125,4019.8701171875
2021-04-05,378.5580139160156,4077.909912109375
2021-04-06,378.3344421386719,4073.93994140625
2021-04-07,378.77239990234375,4079.949951171875
2021-04-08,380.5702819824219,4097.169921875
2021-04-09,383.33709716796875,4128.7998046875
2021-04-12,383.47686767578125,4127.990234375
2021-04-13,384.61334228515625,4141.58984375
2021-04-14,383.2997741699219,4124.66015625
2021-04-15,387.4174499511719,4170.419921875
2021-04-16,388.7123107910156,4185.47021484375
2021-04-19,386.8024597167969,4163.259765625
2021-04-20,383.97052001953125,4134.93994140625
2021-04-21,387.6037292480469,4173.419921875
2021-04-22,384.0637512207031,4134.97998046875
2021-04-23,388.22784423828125,4180.169921875
2021-04-26,389.0383605957031,4187.6201171875
2021-04-27,388.95452880859375,4186.72021484375
2021-04-28,388.8427734375,4183.18017578125
2021-04-29,391.32073974609375,4211.47021484375
2021-04-30,388.74957275390625,4181.169921875
2021-05-03,389.5880432128906,4192.66015625
2021-05-04,387.1845703125,4164.66015625
2021-05-05,387.3056640625,4167.58984375
2021-05-06,390.3984375,4201.6201171875
2021-05-07,393.23974609375,4232.60009765625
2021-05-10,389.3458251953125,4188.43017578125
2021-05-11,385.87091064453125,4152.10009765625
2021-05-12,377.67303466796875,4063.0400390625
2021-05-13,382.2098693847656,4112.5
2021-05-14,388.0788269042969,4173.85009765625
2021-05-17,387.0914001464844,4163.2900390625
2021-05-18,383.75628662109375,4127.830078125
2021-05-19,382.7500915527344,4115.68017578125
2021-05-20,386.8677978515625,4159.1201171875
2021-05-21,386.551025390625,4155.85986328125
2021-05-24,390.4916687011719,4197.0498046875
2021-05-25,389.6252746582031,4188.1298828125
2021-05-26,390.3984375,4195.990234375
2021-05-27,390.6034240722656,4200.8798828125
2021-05-28,391.3021240234375,4204.10986328125
2021-06-01,390.95751953125,4202.0400390625
2021-06-02,391.5722351074219,4208.1201171875
2021-06-03,390.1189270019531,4192.85009765625
2021-06-04,393.68701171875,4229.89013671875
2021-06-07,393.3050231933594,4226.52001953125
2021-06-08,393.388916015625,4227.259765625
2021-06-09,392.8019714355469,4219.5498046875
2021-06-10,394.6278381347656,4239.18017578125
2021-06-11,395.2799987792969,4247.43994140625
2021-06-14,396.1650085449219,4255.14990234375
2021-06-15,395.4383239746094,4246.58984375
2021-06-16,393.23046875,4223.7001953125
2021-06-17,393.1000671386719,4221.85986328125
2021-06-18,387.7970275878906,4166.4501953125
2021-06-21,393.3486633300781,4224.7900390625
2021-06-22,395.45159912109375,4246.43994140625
2021-06-23,394.97491455078125,4241.83984375
2021-06-24,397.31158447265625,4266.490234375
2021-06-25,398.7227478027344,4280.7001953125
2021-06-28,399.526611328125,4290.60986328125
2021-06-29,399.7415771484375,4291.7998046875
2021-06-30,400.0780944824219,4297.5
2021-07-01,402.2930908203125,4319.93994140625
2021-07-02,405.3680114746094,4352.33984375
2021-07-06,404.629638671875,4343.5400390625
2021-07-07,406.0596923828125,4358.1298828125
2021-07-08,402.7511291503906,4320.81982421875
2021-07-09,407.0503845214844,4369.5498046875
2021-07-12,408.5083923339844,4384.6298828125
2021-07-13,407.11578369140625,4369.2099609375
2021-07-14,407.7232666015625,4374.2998046875
2021-07-15,406.33074951171875,4360.02978515625
2021-07-16,403.14361572265625,4327.16015625
2021-07-19,397.1900329589844,4258.490234375
2021-07-20,402.8819274902344,4323.06005859375
2021-07-21,406.1438293457031,4358.68994140625
2021-07-22,406.9942932128906,4367.47998046875
2021-07-23,411.18145751953125,4411.7900390625
2021-07-26,412.1908264160156,4422.2998046875
2021-07-27,410.31219482421875,4401.4599609375
2021-07-28,410.1440124511719,4400.64013671875
2021-07-29,411.8450622558594,4419.14990234375
2021-07-30,409.8448791503906,4395.259765625
2021-08-02,408.98504638671875,4387.16015625
2021-08-03,412.3123474121094,4423.14990234375
2021-08-04,410.2842712402344,4402.66015625
2021-08-05,412.88238525390625,4429.10009765625
2021-08-06,413.5647277832031,4436.52001953125
2021-08-09,413.22833251953125,4432.35009765625
2021-08-10,413.7424011230469,4436.75
2021-08-11,414.77044677734375,4442.41015625
2021-08-12,416.0134582519531,4460.830078125
2021-08-13,416.77056884765625,4468.0
2021-08-16,417.7519226074219,4479.7099609375
2021-08-17,415.013427734375,4448.080078125
2021-08-18,410.4710998535156,4400.27001953125
2021-08-19,411.1066589355469,4405.7998046875
2021-08-20,414.3778381347656,4441.669921875
2021-08-23,418.0230407714844,4479.52978515625
2021-08-24,418.6865539550781,4486.22998046875
2021-08-25,419.5650939941406,4496.18994140625
2021-08-26,417.08837890625,4470.0
2021-08-27,420.8174133300781,4509.3701171875
2021-08-30,422.6680603027344,4528.7900390625
2021-08-31,422.0419006347656,4522.68017578125
2021-09-01,422.2662048339844,4524.08984375
2021-09-02,423.5653076171875,4536.9501953125
2021-09-03,423.4625244140625,4535.43017578125
2021-09-07,421.9483337402344,4520.02978515625
2021-09-08,421.4344177246094,4514.06982421875
2021-09-09,419.63055419921875,4493.27978515625
2021-09-10,416.3219299316406,4458.580078125
2021-09-13,417.38739013671875,4468.72998046875
2021-09-14,415.135009765625,4443.0498046875
2021-09-15,418.6024169921875,4480.7001953125
2021-09-16,417.9388732910156,4473.75
2021-09-17,413.8677062988281,4432.990234375
2021-09-20,406.9667663574219,4357.72998046875
2021-09-21,406.58233642578125,4354.18994140625
2021-09-22,410.5484313964844,4395.64013671875
2021-09-23,415.5365905761719,4448.97998046875
2021-09-24,416.22113037109375,4455.47998046875
2021-09-27,415.0303955078125,4443.10986328125
2021-09-28,406.666748046875,4352.6298828125
2021-09-29,407.3512268066406,4359.4599609375
2021-09-30,402.3724365234375,4307.5400390625
2021-10-01,407.154296875,4357.0400390625
2021-10-04,401.90362548828125,4300.4599609375
2021-10-05,406.08538818359375,4345.72021484375
2021-10-06,407.7730407714844,4363.5498046875
2021-10-07,411.2986145019531,4399.759765625
2021-10-08,410.5484313964844,4391.33984375
2021-10-11,407.576171875,4361.18994140625
2021-10-12,406.5729675292969,4350.64990234375
2021-10-13,408.0356140136719,4363.7998046875
2021-10-14,414.8990478515625,4438.259765625
2021-10-15,418.058837890625,4471.3701171875
2021-10-18,419.29656982421875,4486.4599609375
2021-10-19,422.5313415527344,4519.6298828125
2021-10-20,424.19091796875,4536.18994140625
2021-10-21,425.2972717285156,4549.77978515625
2021-10-22,424.85662841796875,4544.89990234375
2021-10-25,427.135009765625,4566.47998046875
2021-10-26,427.5194396972656,4574.7900390625
2021-10-27,425.6255187988281,4551.68017578125
2021-10-28,429.7322998046875,4596.419921875
2021-10-29,430.60430908203125,4605.3798828125
2021-11-01,431.3450012207031,4613.669921875
2021-11-02,433.0889587402344,4630.64990234375
2021-11-03,435.7331237792969,4660.56982421875
2021-11-04,437.7864074707031,4680.06005859375
2021-11-05,439.30535888671875,4697.52978515625
2021-11-08,439.680419921875,4701.7001953125
2021-11-09,438.2272033691406,4685.25
2021-11-10,434.70172119140625,4646.7099609375
2021-11-11,434.8423767089844,4649.27001953125
2021-11-12,438.1239929199219,4682.85009765625
2021-11-15,438.2740478515625,4682.7998046875
2021-11-16,440.0086364746094,4700.89990234375
2021-11-17,438.93975830078125,4688.669921875
2021-11-18,440.43060302734375,4704.5400390625
2021-11-19,439.6429138183594,4697.9599609375
2021-11-22,438.4052734375,4682.93994140625
2021-11-23,438.98663330078125,4690.7001953125
2021-11-24,440.15869140625,4701.4599609375
2021-11-26,430.3416748046875,4594.6201171875
2021-11-29,435.6205749511719,4655.27001953125
2021-11-30,427.1443786621094,4567.0
2021-12-01,422.4000549316406,4513.0400390625
2021-12-02,428.86962890625,4577.10009765625
2021-12-03,425.1379089355469,4538.43017578125
2021-12-06,430.1730041503906,4591.669921875
2021-12-07,439.07098388671875,4686.75
2021-12-08,440.23370361328125,4701.2099609375
2021-12-09,437.2613525390625,4667.4501953125
2021-12-10,441.3775939941406,4712.02001953125
2021-12-13,437.4676818847656,4668.97021484375
2021-12-14,434.4578857421875,4634.08984375
2021-12-15,441.2463073730469,4709.85009765625
2021-12-16,437.3551940917969,4668.669921875
2021-12-17,432.700439453125,4620.64013671875
2021-12-20,428.0993957519531,4568.02001953125
2021-12-21,435.70196533203125,4649.22998046875
2021-12-22,440.0584716796875,4696.56005859375
2021-12-23,442.7965087890625,4725.7900390625
2021-12-27,449.06304931640625,4791.18994140625
2021-12-28,448.69610595703125,4786.35009765625
2021-12-29,449.27008056640625,4793.06005859375
2021-12-30,448.028076171875,4778.72998046875
2021-12-31,446.8988952636719,4766.18017578125
2022-01-03,449.4864501953125,4796.56005859375
2022-01-04,449.3359069824219,4793.5400390625
2022-01-05,440.70770263671875,4700.580078125
2022-01-06,440.29376220703125,4696.0498046875
2022-01-07,438.5529479980469,4677.02978515625
2022-01-10,438.0072937011719,4670.2900390625
2022-01-11,441.9967041015625,4713.06982421875
2022-01-12,443.1917419433594,4726.35009765625
2022-01-13,437.0850830078125,4659.02978515625
2022-01-14,437.2639465332031,4662.85009765625
2022-01-18,429.52008056640625,4577.10986328125
2022-01-19,425.06024169921875,4532.759765625
2022-01-20,420.35565185546875,4482.72998046875
2022-01-21,412.10369873046875,4397.93994140625
2022-01-24,413.8538513183594,4410.1298828125
2022-01-25,408.8011169433594,4356.4501953125
2022-01-26,407.7754821777344,4349.93017578125
2022-01-27,405.761962890625,4326.509765625
2022-01-28,415.8392333984375,4431.85009765625
2022-01-31,423.32891845703125,4515.5498046875
2022-02-01,426.1893005371094,4546.5400390625
2022-02-02,430.329345703125,4589.3798828125
2022-02-03,420.2144775390625,4477.43994140625
2022-02-04,422.1903381347656,4500.52978515625
2022-02-07,420.8354187011719,4483.8701171875
2022-02-08,424.29803466796875,4521.5400390625
2022-02-09,430.50811767578125,4587.18017578125
2022-02-10,422.77374267578125,4504.080078125
2022-02-11,414.4371643066406,4418.64013671875
2022-02-14,413.08233642578125,4401.669921875
2022-02-15,419.7440490722656,4471.06982421875
2022-02-16,420.2144775390625,4475.009765625
2022-02-17,411.23809814453125,4380.259765625
2022-02-18,408.5752258300781,4348.8701171875
2022-02-22,404.1906433105469,4304.759765625
2022-02-23,397.0207824707031,4225.5
2022-02-24,402.99560546875,4288.7001953125
2022-02-25,411.8873596191406,4384.64990234375
2022-02-28,410.83349609375,4373.93994140625
2022-03-01,404.576416015625,4306.259765625
2022-03-02,412.0190734863281,4386.5400390625
2022-03-03,409.9678955078125,4363.490234375
2022-03-04,406.6369934082031,4328.8701171875
2022-03-07,394.649658203125,4201.08984375
2022-03-08,391.65753173828125,4170.7001953125
2022-03-09,402.1582336425781,4277.8798828125
2022-03-10,400.3422546386719,4259.52001953125
2022-03-11,395.251953125,4204.31005859375
2022-03-14,392.36322021484375,4173.10986328125
2022-03-15,400.9914855957031,4262.4501953125
2022-03-16,409.88311767578125,4357.85986328125
2022-03-17,415.01116943359375,4411.669921875
2022-03-18,419.55670166015625,4463.1201171875
2022-03-21,419.4339904785156,4461.18017578125
2022-03-22,424.342041015625,4511.60986328125
2022-03-23,418.8771057128906,4456.240234375
2022-03-24,425.19140625,4520.16015625
2022-03-25,427.2679443359375,4543.06005859375
2022-03-28,430.30706787109375,4575.52001953125
2022-03-29,435.6303405761719,4631.60009765625
2022-03-30,432.9404602050781,4602.4501953125
2022-03-31,426.2768859863281,4530.41015625
2022-04-01,427.4850158691406,4545.85986328125
2022-04-04,431.1471252441406,4582.64013671875
2022-04-05,425.701171875,4525.1201171875
2022-04-06,421.4443664550781,4481.14990234375
2022-04-07,423.56805419921875,4500.2099609375
2022-04-08,422.4355163574219,4488.27978515625
2022-04-11,415.2150573730469,4412.52978515625
2022-04-12,413.6766052246094,4397.4501953125
2022-04-13,418.4146423339844,4446.58984375
2022-04-14,413.2046203613281,4392.58984375
2022-04-18,413.3745422363281,4391.68994140625
2022-04-19,420.0475158691406,4462.2099609375
2022-04-20,419.7360534667969,4459.4501953125
2022-04-21,413.4595947265625,4393.66015625
2022-04-22,402.114501953125,4271.77978515625
2022-04-25,404.4458312988281,4296.1201171875
2022-04-26,392.7326965332031,4175.2001953125
2022-04-27,393.8370056152344,4183.9599609375
2022-04-28,403.7851257324219,4287.5
2022-04-29,388.8630065917969,4131.93017578125
2022-05-02,391.2037658691406,4155.3798828125
2022-05-03,392.9970397949219,4175.47998046875
2022-05-04,404.96490478515625,4300.169921875
2022-05-05,390.5713195800781,4146.8701171875
2022-05-06,388.2400207519531,4123.33984375
2022-05-09,375.8096008300781,3991.239990234375
2022-05-10,376.677978515625,4001.050048828125
2022-05-11,370.6940002441406,3935.179931640625
2022-05-12,370.3070373535156,3930.080078125
2022-05-13,379.1603088378906,4023.889892578125
2022-05-16,377.62176513671875,4008.010009765625
2022-05-17,385.38958740234375,4088.85009765625
2022-05-18,369.8540344238281,3923.679931640625
2022-05-19,367.5887756347656,3900.7900390625
2022-05-20,367.74920654296875,3901.360107421875
2022-05-23,374.62982177734375,3973.75
2022-05-24,371.76995849609375,3941.47998046875
2022-05-25,375.0544738769531,3978.72998046875
2022-05-26,382.5486755371094,4057.840087890625
2022-05-27,391.9398193359375,4158.240234375
2022-05-31,389.74072265625,4132.14990234375
2022-06-01,386.58831787109375,4101.22998046875
2022-06-02,393.9503479003906,4176.81982421875
2022-06-03,387.4849853515625,4108.5400390625
2022-06-06,388.6647644042969,4121.43017578125
2022-06-07,392.3929443359375,4160.68017578125
2022-06-08,388.12677001953125,4115.77001953125
2022-06-09,378.89599609375,4017.820068359375
2022-06-10,367.9096984863281,3900.860107421875
2022-06-13,353.9408264160156,3749.6298828125
2022-06-14,352.8742980957031,3735.47998046875
2022-06-15,357.90496826171875,3789.989990234375
2022-06-16,346.0597229003906,3666.77001953125
2022-06-17,346.8057861328125,3674.840087890625
2022-06-21,355.5361022949219,3764.7900390625
2022-06-22,354.89154052734375,3759.889892578125
2022-06-23,358.3703308105469,3795.72998046875
2022-06-24,369.76434326171875,3911.739990234375
2022-06-27,368.3519592285156,3900.110107421875
2022-06-28,360.82550048828125,3821.550048828125
2022-06-29,360.5316467285156,3818.830078125
2022-06-30,357.6025695800781,3785.3798828125
2022-07-01,361.3847351074219,3825.330078125
2022-07-05,362.0672302246094,3831.389892578125
2022-07-06,363.2900390625,3845.080078125
2022-07-07,368.7311096191406,3902.6201171875
2022-07-08,368.42779541015625,3899.3798828125
2022-07-11,364.218994140625,3854.429931640625
2022-07-12,360.99615478515625,3818.800048828125
2022-07-13,359.1002502441406,3801.780029296875
2022-07-14,358.2281799316406,3790.3798828125
2022-07-15,365.0721740722656,3863.159912109375
2022-07-18,362.05780029296875,3830.85009765625
2022-07-19,371.8403015136719,3936.68994140625
2022-07-20,374.2100524902344,3959.89990234375
2022-07-21,378.02069091796875,3998.949951171875
2022-07-22,374.5134582519531,3961.6298828125
2022-07-25,374.9684753417969,3966.840087890625
2022-07-26,370.5322265625,3921.050048828125
2022-07-27,380.1536560058594,4023.610107421875
2022-07-28,384.921630859375,4072.429931640625
2022-07-29,390.5332946777344,4130.2900390625
2022-08-01,389.3767395019531,4118.6298828125
2022-08-02,386.8079833984375,4091.18994140625
2022-08-03,392.86517333984375,4155.169921875
2022-08-04,392.5997009277344,4151.93994140625
2022-08-05,391.93621826171875,4145.18994140625
2022-08-08,391.4811096191406,4140.06005859375
2022-08-09,389.9266357421875,4122.47021484375
2022-08-10,398.11663818359375,4210.240234375
2022-08-11,398.11663818359375,4207.27001953125
2022-08-12,404.8563537597656,4280.14990234375
2022-08-15,406.5246276855469,4297.14013671875
2022-08-16,407.3209533691406,4305.2001953125
2022-08-17,404.4297790527344,4274.0400390625
2022-08-18,405.6051940917969,4283.740234375
2022-08-19,400.1545715332031,4228.47998046875
2022-08-22,391.82244873046875,4137.990234375
2022-08-23,390.87451171875,4128.72998046875
2022-08-24,392.125732421875,4140.77001953125
2022-08-25,397.66162109375,4199.1201171875
2022-08-26,384.2011413574219,4057.659912109375
2022-08-29,381.6607360839844,4030.610107421875
2022-08-30,377.47088623046875,3986.159912109375
2022-08-31,374.5987548828125,3955.0
2022-09-01,375.77423095703125,3966.85009765625
2022-09-02,371.81182861328125,3924.260009765625
2022-09-06,370.4089050292969,3908.18994140625
2022-09-07,377.0633850097656,3979.8701171875
2022-09-08,379.5279541015625,4006.179931640625
2022-09-09,385.42401123046875,4067.360107421875
2022-09-12,389.5663757324219,4110.41015625
2022-09-13,372.6270446777344,3932.68994140625
2022-09-14,374.0489501953125,3946.010009765625
2022-09-15,369.8022766113281,3901.35009765625
2022-09-16,366.9810485839844,3873.330078125
2022-09-19,369.8269958496094,3899.889892578125
2022-09-20,365.5819091796875,3855.929931640625
2022-09-21,359.2048034667969,3789.929931640625
2022-09-22,356.1875,3757.989990234375
2022-09-23,350.2196960449219,3693.22998046875
2022-09-26,346.7550354003906,3655.0400390625
2022-09-27,345.8699035644531,3647.2900390625
2022-09-28,352.67535400390625,3719.0400390625
2022-09-29,345.30828857421875,3640.469970703125
2022-09-30,339.9685974121094,3585.6201171875
2022-10-03,348.9442138671875,3678.429931640625
2022-10-04,359.7568664550781,3790.929931640625
2022-10-05,358.9192199707031,3783.280029296875
2022-10-06,355.2166748046875,3744.52001953125
2022-10-07,345.30828857421875,3639.659912109375
2022-10-10,342.6717224121094,3612.389892578125
2022-10-11,340.50164794921875,3588.840087890625
2022-10-12,339.3785400390625,3577.030029296875
2022-10-13,348.3350524902344,3669.909912109375
2022-10-14,340.39697265625,3583.070068359375
2022-10-17,349.1441345214844,3677.949951171875
2022-10-18,353.2464599609375,3719.97998046875
2022-10-19,350.7431335449219,3695.159912109375
2022-10-20,347.8021545410156,3665.780029296875
2022-10-21,356.254150390625,3752.75
2022-10-24,360.6133728027344,3797.340087890625
2022-10-25,366.3719482421875,3859.110107421875
2022-10-26,363.6116943359375,3830.60009765625
2022-10-27,361.6700134277344,3807.300048828125
2022-10-28,370.2743225097656,3901.06005859375
2022-10-31,367.5997009277344,3871.97998046875
2022-11-01,365.9911804199219,3856.10009765625
2022-11-02,356.8061828613281,3759.68994140625
2022-11-03,353.1322021484375,3719.889892578125
2022-11-04,358.21490478515625,3770.550048828125
2022-11-07,361.6414489746094,3806.800048828125
2022-11-08,363.5926208496094,3828.110107421875
2022-11-09,356.1018371582031,3748.570068359375
2022-11-10,375.67120361328125,3956.3701171875
2022-11-11,379.3070983886719,3992.929931640625
2022-11-14,376.0803527832031,3957.25
2022-11-15,379.2880554199219,3991.72998046875
2022-11-16,376.3945007324219,3958.7900390625
2022-11-17,375.2427978515625,3946.56005859375
2022-11-18,376.9465637207031,3965.340087890625
2022-11-21,375.575927734375,3949.93994140625
2022-11-22,380.6300964355469,4003.580078125
2022-11-23,383.0287170410156,4027.260009765625
2022-11-25,382.9430236816406,4026.1201171875
2022-11-28,376.83233642578125,3963.93994140625
2022-11-29,376.18511962890625,3957.6298828125
2022-11-30,388.0351257324219,4080.110107421875
2022-12-01,387.7497253417969,4076.570068359375
2022-12-02,387.3022766113281,4071.699951171875
2022-12-05,380.3350524902344,3998.840087890625
2022-12-06,374.85260009765625,3941.260009765625
2022-12-07,374.21490478515625,3933.919921875
2022-12-08,377.1463928222656,3963.510009765625
2022-12-09,374.3290710449219,3934.3798828125
2022-12-12,379.72589111328125,3990.56005859375
2022-12-13,382.6003112792969,4019.64990234375
2022-12-14,380.15423583984375,3995.320068359375
2022-12-15,370.85498046875,3895.75
2022-12-16,366.4765930175781,3852.360107421875
2022-12-19,363.3689880371094,3817.659912109375
2022-12-20,363.8662414550781,3821.6201171875
2022-12-21,369.3069152832031,3878.43994140625
2022-12-22,364.03826904296875,3822.389892578125
2022-12-23,366.13238525390625,3844.820068359375
2022-12-27,364.6885681152344,3829.25
2022-12-28,360.1562805175781,3783.219970703125
2022-12-29,366.6391296386719,3849.280029296875
2022-12-30,365.6734313964844,3839.5
2023-01-03,364.1340026855469,3824.139892578125
2023-01-04,366.9451599121094,3852.969970703125
2023-01-05,362.7571105957031,3808.10009765625
2023-01-06,371.0758361816406,3895.080078125
2023-01-09,370.86553955078125,3892.090087890625
2023-01-10,373.46630859375,3919.25
2023-01-11,378.1898498535156,3969.610107421875
2023-01-12,379.5667724609375,3983.169921875
2023-01-13,381.039306640625,3999.090087890625
2023-01-17,380.34124755859375,3990.969970703125
2023-01-18,374.33642578125,3928.860107421875
2023-01-19,371.61138916015625,3898.85009765625
2023-01-20,378.53411865234375,3972.610107421875
2023-01-23,383.0759582519531,4019.81005859375
2023-01-24,382.664794921875,4016.949951171875
2023-01-25,382.8082580566406,4016.219970703125
2023-01-26,387.01544189453125,4060.429931640625
2023-01-27,387.9046936035156,4070.56005859375
2023-01-30,383.0377502441406,4017.77001953125
2023-01-31,388.669677734375,4076.60009765625
2023-02-01,392.8003234863281,4119.2099609375
2023-02-02,398.5182189941406,4179.759765625
2023-02-03,394.282470703125,4136.47998046875
2023-02-06,391.87286376953125,4111.080078125
2023-02-07,396.99798583984375,4164.0
2023-02-08,392.6569519042969,4117.85986328125
2023-02-09,389.2528991699219,4081.5
2023-02-10,390.16131591796875,4090.4599609375
2023-02-13,394.74139404296875,4137.2900390625
2023-02-14,394.5597839355469,4136.1298828125
2023-02-15,395.8409729003906,4147.60009765625
2023-02-16,390.3907470703125,4090.409912109375
2023-02-17,389.4154357910156,4079.090087890625
2023-02-21,381.6034851074219,3997.340087890625
2023-02-22,381.0775451660156,3991.050048828125
2023-02-23,383.10467529296875,4012.320068359375
2023-02-24,379.01214599609375,3970.0400390625
2023-02-27,380.3030700683594,3982.239990234375
2023-02-28,378.8974304199219,3970.14990234375
2023-03-01,377.44403076171875,3951.389892578125
2023-03-02,380.3794860839844,3981.35009765625
2023-03-03,386.47998046875,4045.639892578125
2023-03-06,386.7477111816406,4048.419921875
2023-03-07,380.8193054199219,3986.3701171875
2023-03-08,381.44091796875,3992.010009765625
2023-03-09,374.4033508300781,3918.320068359375
2023-03-10,369.0009765625,3861.590087890625
2023-03-13,368.4750061035156,3855.760009765625
2023-03-14,374.5659484863281,3919.2900390625
2023-03-15,372.2232666015625,3891.929931640625
2023-03-16,378.75396728515625,3960.280029296875
2023-03-17,374.32537841796875,3916.639892578125
2023-03-20,377.92474365234375,3951.570068359375
2023-03-21,382.8871154785156,4002.8701171875
2023-03-22,376.3601989746094,3936.969970703125
2023-03-23,377.37762451171875,3948.719970703125
2023-03-24,379.8539733886719,3970.989990234375
2023-03-27,380.5642395019531,3977.530029296875
2023-03-28,379.71002197265625,3971.27001953125
2023-03-29,385.2290954589844,4027.81005859375
2023-03-30,387.48468017578125,4050.830078125
2023-03-31,392.9461669921875,4109.31005859375
2023-04-03,394.4433898925781,4124.509765625
2023-04-04,392.2550964355469,4100.60009765625
2023-04-05,391.2279968261719,4090.3798828125
2023-04-06,392.754150390625,4105.02001953125
2023-04-10,393.1571960449219,4109.10986328125
2023-04-11,393.26287841796875,4108.93994140625
2023-04-12,391.6599426269531,4091.949951171875
2023-04-13,396.86224365234375,4146.22021484375
2023-04-14,395.8928527832031,4137.64013671875
2023-04-17,397.3133850097656,4151.31982421875
2023-04-18,397.572509765625,4154.8701171875
2023-04-19,397.50537109375,4154.52001953125
2023-04-20,395.33612060546875,4129.7900390625
2023-04-21,395.64324951171875,4133.52001953125
2023-04-24,396.0559997558594,4137.0400390625
2023-04-25,389.7689514160156,4071.6298828125
2023-04-26,388.1181335449219,4055.989990234375
2023-04-27,395.8448181152344,4135.35009765625
2023-04-28,399.223388671875,4169.47998046875
2023-05-01,398.8203125,4167.8701171875
2023-05-02,394.3378601074219,4119.580078125
2023-05-03,391.631103515625,4090.75
2023-05-04,388.85723876953125,4061.219970703125
2023-05-05,396.0559997558594,4136.25
2023-05-08,396.1615905761719,4138.1201171875
2023-05-09,394.4242248535156,4119.169921875
2023-05-10,396.26708984375,4137.64013671875
2023-05-11,395.5760498046875,4130.6201171875
2023-05-12,395.0577392578125,4124.080078125
2023-05-15,396.4206848144531,4136.27978515625
2023-05-16,393.77154541015625,4109.89990234375
2023-05-17,398.55157470703125,4158.77001953125
2023-05-18,402.3908996582031,4198.0498046875
2023-05-19,401.80548095703125,4191.97998046875
2023-05-22,401.9685363769531,4192.6298828125
2023-05-23,397.4573059082031,4145.580078125
2023-05-24,394.5777893066406,4115.240234375
2023-05-25,397.994873046875,4151.27978515625
2023-05-26,403.1491394042969,4205.4501953125
2023-05-30,403.3027648925781,4205.52001953125
2023-05-31,401.0663146972656,4179.830078125
2023-06-01,404.8768615722656,4221.02001953125
2023-06-02,410.73187255859375,4282.3701171875
2023-06-05,409.9447937011719,4273.7900390625
2023-06-06,410.83740234375,4283.85009765625
2023-06-07,409.4168395996094,4267.52001953125
2023-06-08,411.8932800292969,4293.93017578125
2023-06-09,412.63232421875,4298.85986328125
2023-06-12,416.3756408691406,4338.93017578125
2023-06-13,419.12078857421875,4369.009765625
2023-06-14,419.619873046875,4372.58984375
2023-06-15,424.8222351074219,4425.83984375
2023-06-16,423.3751525878906,4409.58984375
2023-06-20,421.1785583496094,4388.7099609375
2023-06-21,419.0205993652344,4365.68994140625
2023-06-22,420.5331115722656,4381.89013671875
2023-06-23,417.3538818359375,4348.330078125
2023-06-26,415.6487121582031,4328.81982421875
2023-06-27,420.2055969238281,4378.41015625
2023-06-28,420.4175109863281,4376.85986328125
2023-06-29,422.0745544433594,4396.43994140625
2023-06-30,427.05535888671875,4450.3798828125
2023-07-03,427.5466003417969,4455.58984375
2023-07-05,426.91082763671875,4446.81982421875
2023-07-06,423.56781005859375,4411.58984375
2023-07-07,422.4984130859375,4398.9501953125
2023-07-10,423.56781005859375,4409.52978515625
2023-07-11,426.26531982421875,4439.259765625
2023-07-12,429.695068359375,4472.16015625
2023-07-13,433.1054992675781,4510.0400390625
2023-07-14,432.83575439453125,4505.419921875
2023-07-17,434.338623046875,4522.7900390625
2023-07-18,437.5659484863281,4554.97998046875
2023-07-19,438.5390319824219,4565.72021484375
2023-07-20,435.62957763671875,4534.8701171875
2023-07-21,435.62957763671875,4536.33984375
2023-07-24,437.5756530761719,4554.64013671875
2023-07-25,438.770263671875,4567.4599609375
2023-07-26,438.8376770019531,4566.75
2023-07-27,435.92822265625,4537.41015625
2023-07-28,440.19610595703125,4582.22998046875
2023-07-31,441.03424072265625,4588.9599609375
2023-08-01,439.77215576171875,4576.72998046875
2023-08-02,433.65460205078125,4513.39013671875
2023-08-03,432.4117736816406,4501.89013671875
2023-08-04,430.4561462402344,4478.02978515625
2023-08-07,434.2134094238281,4518.43994140625
2023-08-08,432.3251647949219,4499.3798828125
2023-08-09,429.4349670410156,4467.7099609375
2023-08-10,429.5890808105469,4468.830078125
2023-08-11,429.33856201171875,4464.0498046875
2023-08-14,431.7085876464844,4489.72021484375
2023-08-15,426.6795349121094,4437.85986328125
2023-08-16,423.548583984375,4404.330078125
2023-08-17,420.3211669921875,4370.35986328125
2023-08-18,420.5235290527344,4369.7099609375
2023-08-21,423.25958251953125,4399.77001953125
2023-08-22,422.11309814453125,4387.5498046875
2023-08-23,426.814453125,4436.009765625
2023-08-24,420.899169921875,4376.31005859375
2023-08-25,423.8664855957031,4405.7099609375
2023-08-28,426.55438232421875,4433.31005859375
2023-08-29,432.7200927734375,4497.6298828125
2023-08-30,434.5024108886719,4514.8701171875
2023-08-31,433.8666076660156,4507.66015625
2023-09-01,434.6758728027344,4515.77001953125
2023-09-05,432.79718017578125,4496.830078125
2023-09-06,429.88763427734375,4465.47998046875
2023-09-07,428.56787109375,4451.14013671875
2023-09-08,429.2132873535156,4457.490234375
2023-09-11,432.0361328125,4487.4599609375
2023-09-12,429.6661071777344,4461.89990234375
2023-09-13,430.1671447753906,4467.43994140625
2023-09-14,433.876220703125,4505.10009765625
2023-09-15,428.64874267578125,4450.31982421875
2023-09-18,428.90008544921875,4453.52978515625
2023-09-19,428.0106506347656,4443.9501953125
2023-09-20,424.0757751464844,4402.2001953125
2023-09-21,417.0664978027344,4330.0
2023-09-22,416.1286926269531,4320.06005859375
2023-09-25,417.8785705566406,4337.43994140625
2023-09-26,411.7394104003906,4273.52978515625
2023-09-27,411.9037780761719,4274.509765625
2023-09-28,414.2917785644531,4299.7001953125
2023-09-29,413.2862854003906,4288.0498046875
2023-10-02,413.1219787597656,4288.39013671875
2023-10-03,407.59185791015625,4229.4501953125
2023-10-04,410.5599365234375,4263.75
2023-10-05,410.4053039550781,4258.18994140625
2023-10-06,415.2779541015625,4308.5
2023-10-09,417.9365539550781,4335.66015625
2023-10-10,420.11187744140625,4358.240234375
2023-10-11,421.83282470703125,4376.9501953125
2023-10-12,419.2610778808594,4349.60986328125
2023-10-13,417.1728210449219,4327.77978515625
2023-10-16,421.5621337890625,4373.6298828125
2023-10-17,421.5427551269531,4373.2001953125
2023-10-18,415.92559814453125,4314.60009765625
2023-10-19,412.2712097167969,4278.0
2023-10-20,407.2052001953125,4224.16015625
2023-10-23,406.4993896484375,4217.0400390625
2023-10-24,409.5641174316406,4247.68017578125
2023-10-25,403.6860046386719,4186.77001953125
2023-10-26,398.85205078125,4137.22998046875
2023-10-27,397.0440979003906,4117.3701171875
2023-10-30,401.7910461425781,4166.81982421875
2023-10-31,404.314453125,4193.7998046875
2023-11-01,408.6263427734375,4237.85986328125
2023-11-02,416.4573974609375,4317.77978515625
2023-11-03,420.2569274902344,4358.33984375
2023-11-06,421.22369384765625,4365.97998046875
2023-11-07,422.4224853515625,4378.3798828125
2023-11-08,422.73193359375,4382.77978515625
2023-11-09,419.43511962890625,4347.35009765625
2023-11-10,425.9803771972656,4415.240234375
2023-11-13,425.57427978515625,4411.5498046875
2023-11-14,433.8307189941406,4495.7001953125
2023-11-15,434.7491760253906,4502.8798828125
2023-11-16,435.28094482421875,4508.240234375
2023-11-17,435.8223876953125,4514.02001953125
2023-11-20,439.1771240234375,4547.3798828125
2023-11-21,438.219970703125,4538.18994140625
2023-11-22,439.91192626953125,4556.6201171875
2023-11-24,440.18255615234375,4559.33984375
2023-11-27,439.38983154296875,4550.43017578125
2023-11-28,439.8248596191406,4554.89013671875
2023-11-29,439.51556396484375,4550.580078125
2023-11-30,441.2460632324219,4567.7998046875
2023-12-01,443.8564453125,4594.6298828125
2023-12-04,441.52642822265625,4569.77978515625
2023-12-05,441.43939208984375,4567.18017578125
2023-12-06,439.6604919433594,4549.33984375
2023-12-07,443.0153503417969,4585.58984375
2023-12-08,444.91986083984375,4604.3701171875
2023-12-11,446.6504821777344,4622.43994140625
2023-12-12,448.6904296875,4643.7001953125
2023-12-13,454.8779296875,4707.08984375
2023-12-14,456.3377380371094,4719.5498046875
2023-12-15,455.58642578125,4719.18994140625
2023-12-18,458.1491394042969,4740.56005859375
2023-12-19,460.93511962890625,4768.3701171875
2023-12-20,454.5477600097656,4698.35009765625
2023-12-21,458.8577575683594,4746.75
2023-12-22,459.7799377441406,4754.6298828125
2023-12-26,461.72137451171875,4774.75
2023-12-27,462.55621337890625,4781.580078125
2023-12-28,462.7309265136719,4783.35009765625
2023-12-29,461.39129638671875,4769.830078125
2024-01-02,458.8092346191406,4742.830078125
2024-01-03,455.062255859375,4704.81005859375
2024-01-04,453.596435546875,4688.68017578125
2024-01-05,454.2177734375,4697.240234375
2024-01-08,460.7021179199219,4763.5400390625
2024-01-09,460.0032043457031,4756.5
2024-01-10,462.60479736328125,4783.4501953125
2024-01-11,462.4008483886719,4780.240234375
2024-01-12,462.7212219238281,4783.830078125
2024-01-16,461.0224304199219,4765.97998046875
2024-01-17,458.45977783203125,4739.2099609375
2024-01-18,462.5367736816406,4780.93994140625
2024-01-19,468.30279541015625,4839.81005859375
2024-01-22,469.2929992675781,4850.43017578125
2024-01-23,470.6616516113281,4864.60009765625
2024-01-24,471.1761474609375,4868.5498046875
2024-01-25,473.7388610839844,4894.16015625
2024-01-26,473.136962890625,4890.97021484375
2024-01-29,476.8840026855469,4927.93017578125
2024-01-30,476.5151062011719,4924.97021484375
2024-01-31,468.7396545410156,4845.64990234375
2024-02-01,474.8745422363281,4906.18994140625
2024-02-02,479.873779296875,4958.60986328125
2024-02-05,478.1264343261719,4942.81005859375
2024-02-06,479.5146179199219,4954.22998046875
2024-02-07,483.5139465332031,4995.06005859375
2024-02-08,483.7275390625,4997.91015625
2024-02-09,486.523193359375,5026.60986328125
2024-02-12,486.3096008300781,5021.83984375
2024-02-13,479.6116943359375,4953.169921875
2024-02-14,483.9701843261719,5000.6201171875
2024-02-15,487.3094482421875,5029.72998046875
2024-02-16,484.88275146484375,5005.56982421875
2024-02-20,482.21319580078125,4975.509765625
2024-02-21,482.6499938964844,4981.7998046875
2024-02-22,492.63873291015625,5087.02978515625
2024-02-23,492.97845458984375,5088.7998046875
2024-02-26,491.1728820800781,5069.52978515625
2024-02-27,492.0853576660156,5078.18017578125
2024-02-28,491.4350280761719,5069.759765625
2024-02-29,493.20166015625,5096.27001953125
2024-03-01,497.83203125,5137.080078125
2024-03-04,497.2981262207031,5130.9501953125
2024-03-05,492.32806396484375,5078.64990234375
2024-03-06,494.8227844238281,5104.759765625
2024-03-07,499.734619140625,5157.35986328125
2024-03-08,496.7350769042969,5123.68994140625
2024-03-11,496.3079833984375,5117.93994140625
2024-03-12,501.64691162109375,5175.27001953125
2024-03-13,500.8606872558594,5165.31005859375
2024-03-14,499.8705139160156,5150.47998046875
2024-03-15,496.4381103515625,5117.08984375
2024-03-18,499.3885192871094,5149.419921875
2024-03-19,502.1636962890625,5178.509765625
2024-03-20,506.8084411621094,5224.6201171875
2024-03-21,508.4833068847656,5241.52978515625
2024-03-22,507.5192565917969,5234.18017578125
2024-03-25,506.11700439453125,5218.18994140625
2024-03-26,505.1822814941406,5203.580078125
2024-03-27,509.4278259277344,5248.490234375
2024-03-28,509.33038330078125,5254.35009765625
2024-04-01,508.4443054199219,5243.77001953125
2024-04-02,505.2115478515625,5205.81005859375
2024-04-03,505.766357421875,5211.490234375
2024-04-04,499.59307861328125,5147.2099609375
2024-04-05,504.81219482421875,5204.33984375
2024-04-08,505.0945739746094,5202.39013671875
2024-04-09,505.6788635253906,5209.91015625
2024-04-10,500.61541748046875,5160.64013671875
2024-04-11,504.39349365234375,5199.06005859375
2024-04-12,497.4313659667969,5123.41015625
2024-04-15,491.1994934082031,5061.81982421875
2024-04-16,490.30364990234375,5051.41015625
2024-04-17,487.4018859863281,5022.2099609375
2024-04-18,486.3989562988281,5011.1201171875
2024-04-19,482.15350341796875,4967.22998046875
2024-04-22,486.5937194824219,5010.60009765625
2024-04-23,492.367919921875,5070.5498046875
2024-04-24,492.1341857910156,5071.6298828125
2024-04-25,490.2646484375,5048.419921875
2024-04-26,494.90936279296875,5099.9599609375
2024-04-29,496.6620788574219,5116.169921875
2024-04-30,488.7943420410156,5035.68994140625
2024-05-01,487.2071838378906,5018.39013671875
2024-05-02,491.7641906738281,5064.2001953125
2024-05-03,497.8597717285156,5127.7900390625
2024-05-06,503.0010681152344,5180.740234375
2024-05-07,503.5561218261719,5187.7001953125
2024-05-08,503.604736328125,5187.669921875
2024-05-09,506.50653076171875,5214.080078125
2024-05-10,507.15899658203125,5222.68017578125
2024-05-13,507.22711181640625,5221.419921875
2024-05-14,509.5542907714844,5246.68017578125
2024-05-15,515.8640747070312,5308.14990234375
2024-05-16,514.802734375,5297.10009765625
2024-05-17,515.542724609375,5303.27001953125
2024-05-20,516.13671875,5308.1298828125
2024-05-21,517.402587890625,5321.41015625
2024-05-22,515.9127807617188,5307.009765625
2024-05-23,512.1444702148438,5267.83984375
2024-05-24,515.5330200195312,5304.72021484375
2024-05-28,515.893310546875,5306.0400390625
2024-05-29,512.2807006835938,5266.9501953125
2024-05-30,508.8823547363281,5235.47998046875
2024-05-31,513.5173950195312,5277.509765625
2024-06-03,513.9360961914062,5283.39990234375
2024-06-04,514.5106201171875,5291.33984375
2024-06-05,520.6256713867188,5354.02978515625
2024-06-06,520.6158447265625,5352.9599609375
2024-06-07,519.9830322265625,5346.990234375
2024-06-10,521.5896606445312,5360.7900390625
2024-06-11,522.8458251953125,5375.31982421875
2024-06-12,527.139892578125,5421.02978515625
2024-06-13,528.2012329101562,5433.740234375
2024-06-14,528.522705078125,5431.60009765625
2024-06-17,532.7291870117188,5473.22998046875
2024-06-18,534.0826416015625,5487.02978515625
2024-06-20,532.6317749023438,5473.169921875
2024-06-21,531.9176025390625,5464.6201171875
2024-06-24,530.1885986328125,5447.8701171875
2024-06-25,532.2302856445312,5469.2998046875
2024-06-26,532.8946533203125,5477.89990234375
2024-06-27,533.7346801757812,5482.8701171875
2024-06-28,531.6343383789062,5460.47998046875
2024-07-01,532.7285766601562,5475.08984375
2024-07-02,536.3136596679688,5509.009765625
2024-07-03,538.7069702148438,5537.02001953125
2024-07-05,541.8134155273438,5567.18994140625
2024-07-08,542.438720703125,5572.85009765625
2024-07-09,542.9661865234375,5576.97998046875
2024-07-10,548.3389892578125,5633.91015625
2024-07-11,543.6107788085938,5584.5400390625
2024-07-12,547.0397338867188,5615.35009765625
2024-07-15,548.5441284179688,5631.22021484375
2024-07-16,551.7970581054688,5667.2001953125
2024-07-17,544.060302734375,5588.27001953125
2024-07-18,539.8792114257812,5544.58984375
2024-07-19,536.2940673828125,5505.0
2024-07-22,541.8232421875,5564.41015625
2024-07-23,540.9732666015625,5555.740234375
2024-07-24,528.7135009765625,5427.1298828125
2024-07-25,525.958740234375,5399.22021484375
2024-07-26,531.8491821289062,5459.10009765625
2024-07-29,532.1619873046875,5463.5400390625
2024-07-30,529.4658203125,5436.43994140625
2024-07-31,538.0719604492188,5522.2998046875
2024-08-01,530.4524536132812,5446.68017578125
2024-08-02,520.5762939453125,5346.56005859375
2024-08-05,505.4151306152344,5186.330078125
2024-08-06,510.07476806640625,5240.02978515625
2024-08-07,506.66552734375,5199.5
2024-08-08,518.3782348632812,5319.31005859375
2024-08-09,520.6640014648438,5344.16015625
2024-08-12,520.9376831054688,5344.39013671875
2024-08-13,529.5049438476562,5434.43017578125
2024-08-14,531.1752319335938,5455.2099609375
2024-08-15,540.2797241210938,5543.22021484375
2024-08-16,541.4910278320312,5554.25
2024-08-19,546.66845703125,5608.25
2024-08-20,545.779541015625,5597.1201171875
2024-08-21,547.6550903320312,5620.85009765625
2024-08-22,543.35693359375,5570.64013671875
2024-08-23,549.1301879882812,5634.60986328125
2024-08-26,547.8212890625,5616.83984375
2024-08-27,548.5734252929688,5625.7998046875
2024-08-28,545.3888549804688,5592.18017578125
2024-08-29,545.4375610351562,5591.9599609375
2024-08-30,550.6443481445312,5648.39990234375
2024-09-03,539.3126831054688,5528.93017578125
2024-09-04,538.2088623046875,5520.06982421875
2024-09-05,536.8997802734375,5503.41015625
2024-09-06,527.8635864257812,5408.419921875
2024-09-09,533.7737426757812,5471.0498046875
2024-09-10,536.0986328125,5495.52001953125
2024-09-11,541.5984497070312,5554.1298828125
2024-09-12,546.1604614257812,5595.759765625
2024-09-13,549.012939453125,5626.02001953125
2024-09-16,549.8237915039062,5633.08984375
2024-09-17,550.0485229492188,5634.580078125
2024-09-18,548.4171752929688,5618.259765625
2024-09-19,557.7754516601562,5713.64013671875
2024-09-20,556.8113403320312,5702.5498046875
2024-09-23,558.2027587890625,5718.56982421875
2024-09-24,559.7999877929688,5732.93017578125
2024-09-25,558.5653076171875,5722.259765625
2024-09-26,560.7798461914062,5745.3701171875
2024-09-27,559.9664916992188,5738.169921875
2024-09-30,562.21044921875,5762.47998046875
2024-10-01,557.1738891601562,5708.75
2024-10-02,557.4091186523438,5709.5400390625
2024-10-03,556.3899536132812,5699.93994140625
2024-10-04,561.4461059570312,5751.06982421875
2024-10-07,556.370361328125,5695.93994140625
2024-10-08,561.6322021484375,5751.1298828125
2024-10-09,565.5223388671875,5792.0400390625
2024-10-10,564.53271484375,5780.0498046875
2024-10-11,567.9132690429688,5815.02978515625
2024-10-14,572.557861328125,5859.85009765625
2024-10-15,568.1093139648438,5815.259765625
2024-10-16,570.5785522460938,5842.47021484375
2024-10-17,570.6275024414062,5841.47021484375
2024-10-18,572.8224487304688,5864.669921875
2024-10-21,571.8818359375,5853.97998046875
2024-10-22,571.5779418945312,5851.2001953125
2024-10-23,566.3552856445312,5797.419921875
2024-10-24,567.5801391601562,5809.85986328125
2024-10-25,567.3840942382812,5808.1201171875
2024-10-28,569.13818359375,5823.52001953125
2024-10-29,570.0592041015625,5832.919921875
2024-10-30,568.3345947265625,5813.669921875
2024-10-31,557.1935424804688,5705.4501953125
2024-11-01,559.545166015625,5728.7998046875
2024-11-04,558.33984375,5712.68994140625
2024-11-05,565.0912475585938,5782.759765625
2024-11-06,579.1424560546875,5929.0400390625
2024-11-07,583.62060546875,5973.10009765625
2024-11-08,586.148681640625,5995.5400390625
2024-11-11,586.7072143554688,6001.35009765625
2024-11-12,584.8847045898438,5983.990234375
2024-11-13,585.1688842773438,5985.3798828125
2024-11-14,581.4061279296875,5949.169921875
2024-11-15,573.9590454101562,5870.6201171875
2024-11-18,576.310791015625,5893.6201171875
2024-11-19,578.4175415039062,5916.97998046875
2024-11-20,578.6134643554688,5917.10986328125
2024-11-21,581.7196044921875,5948.7099609375
2024-11-22,583.522705078125,5969.33984375
2024-11-25,585.5020141601562,5987.3701171875
2024-11-26,588.5592041015625,6021.6298828125
2024-11-27,586.7756958007812,5998.740234375
2024-11-29,590.4207763671875,6032.3798828125
2024-12-02,591.4791259765625,6047.14990234375
2024-12-03,591.7535400390625,6049.8798828125
2024-12-04,595.4279174804688,6086.490234375
2024-12-05,594.4481201171875,6075.10986328125
2024-12-06,595.5750122070312,6090.27001953125
2024-12-09,592.5079956054688,6052.85009765625
2024-12-10,590.6658325195312,6034.91015625
2024-12-11,595.2319946289062,6084.18994140625
2024-12-12,592.1651611328125,6051.25
2024-12-13,592.0475463867188,6051.08984375
2024-12-16,594.5755004882812,6074.080078125
2024-12-17,592.1258544921875,6050.60986328125
2024-12-18,574.4784545898438,5872.16015625
2024-12-19,574.3019409179688,5867.080078125
2024-12-20,581.199951171875,5930.85009765625
2024-12-23,584.6803588867188,5974.06982421875
2024-12-24,591.1791381835938,6040.0400390625
2024-12-26,591.2184448242188,6037.58984375
2024-12-27,584.9949951171875,5970.83984375
2024-12-30,578.3192138671875,5906.93994140625
2024-12-31,576.2152709960938,5881.6298828125
