Date,QQQ
2017-01-03,112.15733337402344
2017-01-04,112.76715850830078
2017-01-05,113.40519714355469
2017-01-06,114.39970397949219
2017-01-09,114.7750244140625
2017-01-10,115.02835083007812
2017-01-11,115.33795928955078
2017-01-12,115.15968322753906
2017-01-13,115.55374908447266
2017-01-17,115.20660400390625
2017-01-18,115.44115447998047
2017-01-19,115.3848648071289
2017-01-20,115.63819122314453
2017-01-23,115.73200988769531
2017-01-24,116.51073455810547
2017-01-25,117.68357849121094
2017-01-26,117.8055191040039
2017-01-27,118.03072357177734
2017-01-30,117.1112289428711
2017-01-31,116.8766860961914
2017-02-01,117.68357849121094
2017-02-02,117.58035278320312
2017-02-03,117.91813659667969
2017-02-06,118.0588607788086
2017-02-07,118.49043273925781
2017-02-08,118.6874771118164
2017-02-09,119.11905670166016
2017-02-10,119.51313018798828
2017-02-13,120.18866729736328
2017-02-14,120.59208679199219
2017-02-15,121.30518341064453
2017-02-16,121.26763916015625
2017-02-17,121.79304504394531
2017-02-21,122.39356994628906
2017-02-22,122.44043731689453
2017-02-23,121.980712890625
2017-02-24,122.21527862548828
2017-02-27,122.36537170410156
2017-02-28,121.99012756347656
2017-03-01,123.32237243652344
2017-03-02,122.70316314697266
2017-03-03,122.92833709716797
2017-03-06,122.6562271118164
2017-03-07,122.44984436035156
2017-03-08,122.66565704345703
2017-03-09,122.75946807861328
2017-03-10,123.27547454833984
2017-03-13,123.4819107055664
2017-03-14,123.18167114257812
2017-03-15,123.94164276123047
2017-03-16,123.85712432861328
2017-03-17,123.81395721435547
2017-03-20,123.92672729492188
2017-03-21,122.04638671875
2017-03-22,122.87374877929688
2017-03-23,122.56346893310547
2017-03-24,122.81735229492188
2017-03-27,123.01478576660156
2017-03-28,123.76692199707031
2017-03-29,124.34042358398438
2017-03-30,124.54727935791016
2017-03-31,124.46268463134766
2017-04-03,124.38744354248047
2017-04-04,124.58490753173828
2017-04-05,124.07719421386719
2017-04-06,124.14298248291016
2017-04-07,124.07719421386719
2017-04-10,124.12419128417969
2017-04-11,123.58828735351562
2017-04-12,123.09000396728516
2017-04-13,122.60108947753906
2017-04-17,123.61648559570312
2017-04-18,123.42845916748047
2017-04-19,123.62593078613281
2017-04-20,124.66009521484375
2017-04-21,124.6319351196289
2017-04-24,126.13619232177734
2017-04-25,127.04825592041016
2017-04-26,126.86957550048828
2017-04-27,127.63114929199219
2017-04-28,127.8567886352539
2017-05-01,128.99441528320312
2017-05-02,129.21066284179688
2017-05-03,128.79696655273438
2017-05-04,128.84396362304688
2017-05-05,129.31410217285156
2017-05-08,129.5961151123047
2017-05-09,130.04742431640625
2017-05-10,130.1226043701172
2017-05-11,130.0192108154297
2017-05-12,130.31063842773438
2017-05-15,130.724365234375
2017-05-16,131.26962280273438
2017-05-17,127.93194580078125
2017-05-18,129.05081176757812
2017-05-19,129.5961151123047
2017-05-22,130.686767578125
2017-05-23,130.81834411621094
2017-05-24,131.42007446289062
2017-05-25,132.5389404296875
2017-05-26,132.77395629882812
2017-05-30,132.88682556152344
2017-05-31,132.8397674560547
2017-06-01,133.3568572998047
2017-06-02,134.8800811767578
2017-06-05,134.85177612304688
2017-06-06,134.31585693359375
2017-06-07,134.8424072265625
2017-06-08,134.98341369628906
2017-06-09,131.608154296875
2017-06-12,130.90293884277344
2017-06-13,131.96542358398438
2017-06-14,131.3919219970703
2017-06-15,130.80897521972656
2017-06-16,130.24142456054688
2017-06-19,132.41920471191406
2017-06-20,131.38217163085938
2017-06-21,132.68316650390625
2017-06-22,132.6454620361328
2017-06-23,133.1544952392578
2017-06-26,132.53233337402344
2017-06-27,130.12831115722656
2017-06-28,132.00437927246094
2017-06-29,129.71347045898438
2017-06-30,129.76060485839844
2017-07-03,128.39361572265625
2017-07-05,129.65692138671875
2017-07-06,128.48793029785156
2017-07-07,129.87374877929688
2017-07-10,130.7222442626953
2017-07-11,131.0899200439453
2017-07-12,132.6454620361328
2017-07-13,132.93771362304688
2017-07-14,133.9842071533203
2017-07-17,134.0501708984375
2017-07-18,134.9457550048828
2017-07-19,135.73770141601562
2017-07-20,135.91683959960938
2017-07-21,135.8602752685547
2017-07-24,136.48248291015625
2017-07-25,136.1336212158203
2017-07-26,136.57675170898438
2017-07-27,135.7188262939453
2017-07-28,135.6056671142578
2017-07-31,135.03062438964844
2017-08-01,135.34170532226562
2017-08-02,135.70938110351562
2017-08-03,135.18150329589844
2017-08-04,135.42662048339844
2017-08-07,136.28445434570312
2017-08-08,136.0487823486328
2017-08-09,135.86968994140625
2017-08-10,132.95655822753906
2017-08-11,133.9652862548828
2017-08-14,135.69049072265625
2017-08-15,135.78482055664062
2017-08-16,136.02049255371094
2017-08-17,133.2393798828125
2017-08-18,133.14511108398438
2017-08-21,132.9754180908203
2017-08-22,135.00230407714844
2017-08-23,134.52154541015625
2017-08-24,134.1256103515625
2017-08-25,133.8426971435547
2017-08-28,134.25759887695312
2017-08-29,134.78550720214844
2017-08-30,136.3693084716797
2017-08-31,137.83062744140625
2017-09-01,137.64208984375
2017-09-05,136.40701293945312
2017-09-06,136.8218536376953
2017-09-07,137.1423797607422
2017-09-08,135.9545135498047
2017-09-11,137.5194854736328
2017-09-12,137.8494415283203
2017-09-13,138.0379638671875
2017-09-14,137.2272491455078
2017-09-15,137.6986083984375
2017-09-18,137.51812744140625
2017-09-19,137.75439453125
2017-09-20,137.32923889160156
2017-09-21,136.48834228515625
2017-09-22,136.35598754882812
2017-09-25,134.91989135742188
2017-09-26,135.26951599121094
2017-09-27,136.48834228515625
2017-09-28,136.4410400390625
2017-09-29,137.4237060546875
2017-10-02,137.5465087890625
2017-10-03,137.83937072753906
2017-10-04,137.97164916992188
2017-10-05,139.32276916503906
2017-10-06,139.51170349121094
2017-10-09,139.35110473632812
2017-10-10,139.4550323486328
2017-10-11,139.87078857421875
2017-10-12,139.61566162109375
2017-10-13,140.15419006347656
2017-10-16,140.63609313964844
2017-10-17,140.8155975341797
2017-10-18,140.64549255371094
2017-10-19,140.1258544921875
2017-10-20,140.50376892089844
2017-10-23,139.58729553222656
2017-10-24,139.82347106933594
2017-10-25,139.2943878173828
2017-10-26,138.85031127929688
2017-10-27,142.89419555664062
2017-10-30,143.2154083251953
2017-10-31,143.75390625
2017-11-01,143.7067413330078
2017-11-02,143.43267822265625
2017-11-03,144.81216430664062
2017-11-06,145.303466796875
2017-11-07,145.38848876953125
2017-11-08,145.9742431640625
2017-11-09,145.20896911621094
2017-11-10,145.19949340820312
2017-11-13,145.3790740966797
2017-11-14,144.84988403320312
2017-11-15,144.16964721679688
2017-11-16,146.0120849609375
2017-11-17,145.45465087890625
2017-11-20,145.34130859375
2017-11-21,146.9191131591797
2017-11-22,147.0985870361328
2017-11-24,147.6371612548828
2017-11-27,147.571044921875
2017-11-28,147.94898986816406
2017-11-29,145.36956787109375
2017-11-30,146.58840942382812
2017-12-01,145.96484375
2017-12-04,144.28302001953125
2017-12-05,144.37753295898438
2017-12-06,145.02943420410156
2017-12-07,145.52073669433594
2017-12-08,146.16323852539062
2017-12-11,147.2969970703125
2017-12-12,147.0985870361328
2017-12-13,147.38201904296875
2017-12-14,147.27818298339844
2017-12-15,148.950439453125
2017-12-18,150.19927978515625
2017-12-19,149.30923461914062
2017-12-20,149.14833068847656
2017-12-21,149.16725158691406
2017-12-22,148.996826171875
2017-12-26,148.19207763671875
2017-12-27,148.21099853515625
2017-12-28,148.39089965820312
2017-12-29,147.47250366210938
2018-01-02,150.0572052001953
2018-01-03,151.51531982421875
2018-01-04,151.7804412841797
2018-01-05,153.30471801757812
2018-01-08,153.90122985839844
2018-01-09,153.9107208251953
2018-01-10,153.55093383789062
2018-01-11,154.60186767578125
2018-01-12,155.7379913330078
2018-01-16,155.2930145263672
2018-01-17,156.96881103515625
2018-01-18,156.99728393554688
2018-01-19,157.4895782470703
2018-01-22,159.17489624023438
2018-01-23,160.49090576171875
2018-01-24,159.44943237304688
2018-01-25,159.39263916015625
2018-01-26,161.8353271484375
2018-01-29,161.0495147705078
2018-01-30,159.72396850585938
2018-01-31,160.38677978515625
2018-02-01,159.02337646484375
2018-02-02,155.8516082763672
2018-02-05,149.7069549560547
2018-02-06,153.67401123046875
2018-02-07,151.6857147216797
2018-02-08,145.285400390625
2018-02-09,147.79440307617188
2018-02-12,150.41700744628906
2018-02-13,151.19337463378906
2018-02-14,154.02432250976562
2018-02-15,156.88360595703125
2018-02-16,156.1830291748047
2018-02-20,156.49542236328125
2018-02-21,156.0504608154297
2018-02-22,156.03155517578125
2018-02-23,159.2222442626953
2018-02-26,161.3335723876953
2018-02-27,159.33578491210938
2018-02-28,158.31329345703125
2018-03-01,155.728515625
2018-03-02,157.158203125
2018-03-05,158.9003143310547
2018-03-06,159.572509765625
2018-03-07,159.9417724609375
2018-03-08,160.82229614257812
2018-03-09,163.9467010498047
2018-03-12,164.81773376464844
2018-03-13,162.57386779785156
2018-03-14,162.54544067382812
2018-03-15,162.4034423828125
2018-03-16,161.9205780029297
2018-03-19,158.46580505371094
2018-03-20,158.9873809814453
2018-03-21,158.2950897216797
2018-03-22,154.3879852294922
2018-03-23,150.3196563720703
2018-03-26,155.90528869628906
2018-03-27,150.86019897460938
2018-03-28,149.1248016357422
2018-03-29,151.85595703125
2018-04-02,147.4746856689453
2018-04-03,149.13421630859375
2018-04-04,151.48605346679688
2018-04-05,152.34902954101562
2018-04-06,148.5367889404297
2018-04-09,149.5799102783203
2018-04-10,152.88014221191406
2018-04-11,151.99818420410156
2018-04-12,153.82846069335938
2018-04-13,153.03187561035156
2018-04-16,154.19834899902344
2018-04-17,157.51744079589844
2018-04-18,157.83990478515625
2018-04-19,156.388916015625
2018-04-20,153.913818359375
2018-04-23,153.5250244140625
2018-04-24,150.27230834960938
2018-04-25,150.452392578125
2018-04-26,153.6198272705078
2018-04-27,153.7146759033203
2018-04-30,152.6240692138672
2018-05-01,154.36903381347656
2018-05-02,153.45860290527344
2018-05-03,153.4396514892578
2018-05-04,156.3510284423828
2018-05-07,157.65020751953125
2018-05-08,157.489013671875
2018-05-09,159.2055206298828
2018-05-10,160.85556030273438
2018-05-11,160.703857421875
2018-05-14,160.97889709472656
2018-05-15,159.19602966308594
2018-05-16,160.24867248535156
2018-05-17,159.6322479248047
2018-05-18,158.80722045898438
2018-05-21,159.69863891601562
2018-05-22,159.49000549316406
2018-05-23,160.836669921875
2018-05-24,160.78919982910156
2018-05-25,160.95040893554688
2018-05-29,160.2391357421875
2018-05-30,161.3866424560547
2018-05-31,161.28228759765625
2018-06-01,163.8143768310547
2018-06-04,165.2937469482422
2018-06-05,165.80589294433594
2018-06-06,166.7731170654297
2018-06-07,165.41708374023438
2018-06-08,165.42648315429688
2018-06-11,165.87222290039062
2018-06-12,166.7447052001953
2018-06-13,166.73526000976562
2018-06-14,168.42323303222656
2018-06-15,167.83526611328125
2018-06-18,167.7383270263672
2018-06-19,167.2631378173828
2018-06-20,168.45111083984375
2018-06-21,166.9875946044922
2018-06-22,166.61692810058594
2018-06-25,162.86300659179688
2018-06-26,163.52825927734375
2018-06-27,161.3043670654297
2018-06-28,162.6919708251953
2018-06-29,163.1290740966797
2018-07-02,164.22203063964844
2018-07-03,162.32127380371094
2018-07-05,164.33602905273438
2018-07-06,166.8925323486328
2018-07-09,168.3940887451172
2018-07-10,168.51768493652344
2018-07-11,167.66233825683594
2018-07-12,170.55145263671875
2018-07-13,170.69393920898438
2018-07-16,170.28526306152344
2018-07-17,171.3212127685547
2018-07-18,170.99807739257812
2018-07-19,170.14273071289062
2018-07-20,170.10475158691406
2018-07-23,170.6464385986328
2018-07-24,171.3497772216797
2018-07-25,173.74464416503906
2018-07-26,171.11212158203125
2018-07-27,168.80274963378906
2018-07-30,166.41734313964844
2018-07-31,167.69081115722656
2018-08-01,168.32752990722656
2018-08-02,170.61793518066406
2018-08-03,171.14064025878906
2018-08-06,172.14805603027344
2018-08-07,172.7752685546875
2018-08-08,172.98434448242188
2018-08-09,172.87982177734375
2018-08-10,171.55874633789062
2018-08-13,171.3686981201172
2018-08-14,172.442626953125
2018-08-15,170.33279418945312
2018-08-16,170.89353942871094
2018-08-17,170.93161010742188
2018-08-20,170.7794647216797
2018-08-21,171.40673828125
2018-08-22,172.0719757080078
2018-08-23,171.82492065429688
2018-08-24,173.42147827148438
2018-08-27,175.18917846679688
2018-08-28,175.44577026367188
2018-08-29,177.4700164794922
2018-08-30,177.15643310546875
2018-08-31,177.38446044921875
2018-09-04,176.6242218017578
2018-09-05,174.34336853027344
2018-09-06,172.7847137451172
2018-09-07,172.11947631835938
2018-09-10,172.69920349121094
2018-09-11,174.0297393798828
2018-09-12,173.5164794921875
2018-09-13,175.36973571777344
2018-09-14,174.8565216064453
2018-09-17,172.33811950683594
2018-09-18,173.76361083984375
2018-09-19,173.6305694580078
2018-09-20,175.5503387451172
2018-09-21,174.59046936035156
2018-09-24,175.0759735107422
2018-09-25,175.31402587890625
2018-09-26,175.437744140625
2018-09-27,176.9230194091797
2018-09-28,176.88491821289062
2018-10-01,177.24671936035156
2018-10-02,176.84683227539062
2018-10-03,177.03726196289062
2018-10-04,173.6383819580078
2018-10-05,171.5152587890625
2018-10-08,170.46803283691406
2018-10-09,171.02017211914062
2018-10-10,163.4988250732422
2018-10-11,161.470947265625
2018-10-12,165.9646759033203
2018-10-15,163.955810546875
2018-10-16,168.7256622314453
2018-10-17,168.79229736328125
2018-10-18,164.87933349609375
2018-10-19,164.72698974609375
2018-10-22,165.5743865966797
2018-10-23,164.96502685546875
2018-10-24,157.41505432128906
2018-10-25,162.86099243164062
2018-10-26,158.67185974121094
2018-10-29,155.40621948242188
2018-10-30,157.9672393798828
2018-10-31,161.68038940429688
2018-11-01,163.81298828125
2018-11-02,161.26148986816406
2018-11-05,160.86163330078125
2018-11-06,162.0802764892578
2018-11-07,167.16433715820312
2018-11-08,166.09800720214844
2018-11-09,163.29888916015625
2018-11-12,158.35765075683594
2018-11-13,158.49090576171875
2018-11-14,157.2817840576172
2018-11-15,160.03329467773438
2018-11-16,159.47157287597656
2018-11-19,154.2922821044922
2018-11-20,151.5313262939453
2018-11-21,152.68331909179688
2018-11-23,151.5789337158203
2018-11-26,155.08253479003906
2018-11-27,155.60621643066406
2018-11-28,160.61407470703125
2018-11-29,160.0904541015625
2018-11-30,161.25201416015625
2018-12-03,164.070068359375
2018-12-04,157.7769317626953
2018-12-06,158.89080810546875
2018-12-07,153.6449432373047
2018-12-10,155.25393676757812
2018-12-11,155.76800537109375
2018-12-12,157.1390380859375
2018-12-13,157.18661499023438
2018-12-14,153.3592987060547
2018-12-17,149.88421630859375
2018-12-18,150.82676696777344
2018-12-19,147.12319946289062
2018-12-20,144.99063110351562
2018-12-21,140.49681091308594
2018-12-24,137.01280212402344
2018-12-26,145.5677032470703
2018-12-27,146.13107299804688
2018-12-28,146.05467224121094
2018-12-31,147.28631591796875
2019-01-02,147.87835693359375
2019-01-03,143.04708862304688
2019-01-04,149.16729736328125
2019-01-07,150.94322204589844
2019-01-08,152.30859375
2019-01-09,153.54983520507812
2019-01-10,153.9890594482422
2019-01-11,153.42568969726562
2019-01-14,152.0698699951172
2019-01-15,155.0392608642578
2019-01-16,155.01060485839844
2019-01-17,156.23280334472656
2019-01-18,157.77952575683594
2019-01-22,154.6191864013672
2019-01-23,154.8197021484375
2019-01-24,155.82220458984375
2019-01-25,157.68405151367188
2019-01-28,155.73631286621094
2019-01-29,154.26588439941406
2019-01-30,158.19009399414062
2019-01-31,160.55799865722656
2019-02-01,159.8800811767578
2019-02-04,161.86607360839844
2019-02-05,163.2982177734375
2019-02-06,162.81129455566406
2019-02-07,160.62481689453125
2019-02-08,160.93988037109375
2019-02-11,160.78713989257812
2019-02-12,163.16455078125
2019-02-13,163.27915954589844
2019-02-14,163.4796905517578
2019-02-15,164.16712951660156
2019-02-19,164.49176025390625
2019-02-20,164.4630889892578
2019-02-21,163.86154174804688
2019-02-22,165.07420349121094
2019-02-25,165.67568969726562
2019-02-26,165.8475341796875
2019-02-27,165.7425079345703
2019-02-28,165.36062622070312
2019-03-01,166.50633239746094
2019-03-04,166.5349884033203
2019-03-05,166.6591339111328
2019-03-06,165.7139129638672
2019-03-07,163.6801300048828
2019-03-08,163.43190002441406
2019-03-11,166.8310089111328
2019-03-12,167.74754333496094
2019-03-13,169.00791931152344
2019-03-14,168.7214813232422
2019-03-15,170.28732299804688
2019-03-18,170.69287109375
2019-03-19,171.26681518554688
2019-03-20,171.94595336914062
2019-03-21,174.6337890625
2019-03-22,170.79811096191406
2019-03-25,170.4728546142578
2019-03-26,171.26681518554688
2019-03-27,170.16680908203125
2019-03-28,170.55899047851562
2019-03-29,171.85031127929688
2019-04-01,174.12684631347656
2019-04-02,174.78684997558594
2019-04-03,175.79124450683594
2019-04-04,175.7242431640625
2019-04-05,176.63299560546875
2019-04-08,177.08251953125
2019-04-09,176.46075439453125
2019-04-10,177.40771484375
2019-04-11,176.98687744140625
2019-04-12,177.75210571289062
2019-04-15,177.78074645996094
2019-04-16,178.39300537109375
2019-04-17,179.01470947265625
2019-04-18,179.24429321289062
2019-04-22,179.75123596191406
2019-04-23,182.03733825683594
2019-04-24,181.4634246826172
2019-04-25,182.199951171875
2019-04-26,182.36253356933594
2019-04-29,182.71649169921875
2019-04-30,181.30079650878906
2019-05-01,180.71734619140625
2019-05-02,179.9329833984375
2019-05-03,182.80258178710938
2019-05-06,181.6834259033203
2019-05-07,178.1442413330078
2019-05-08,177.6947479248047
2019-05-09,176.73814392089844
2019-05-10,176.9581756591797
2019-05-13,170.81719970703125
2019-05-14,172.69204711914062
2019-05-15,175.13121032714844
2019-05-16,176.89122009277344
2019-05-17,175.08335876464844
2019-05-20,172.12771606445312
2019-05-21,173.92593383789062
2019-05-22,173.15121459960938
2019-05-23,170.5015869140625
2019-05-24,170.41551208496094
2019-05-28,169.77462768554688
2019-05-29,168.37806701660156
2019-05-30,169.08595275878906
2019-05-31,166.38848876953125
2019-06-03,162.72500610351562
2019-06-04,167.3067626953125
2019-06-05,168.55026245117188
2019-06-06,169.88943481445312
2019-06-07,173.17030334472656
2019-06-10,175.1885528564453
2019-06-11,175.4276885986328
2019-06-12,174.4137725830078
2019-06-13,175.44683837890625
2019-06-14,174.7007598876953
2019-06-17,175.7529296875
2019-06-18,178.30690002441406
2019-06-19,178.97647094726562
2019-06-20,180.64083862304688
2019-06-21,180.37298583984375
2019-06-24,180.3787078857422
2019-06-25,177.28233337402344
2019-06-26,178.10675048828125
2019-06-27,178.7873992919922
2019-06-28,179.0174560546875
2019-07-01,181.4332275390625
2019-07-02,182.1522674560547
2019-07-03,183.5231170654297
2019-07-05,183.14920043945312
2019-07-08,181.86463928222656
2019-07-09,182.77540588378906
2019-07-10,184.59674072265625
2019-07-11,184.46255493164062
2019-07-12,185.52667236328125
2019-07-15,186.12103271484375
2019-07-16,185.16238403320312
2019-07-17,184.25169372558594
2019-07-18,184.46255493164062
2019-07-19,183.11085510253906
2019-07-22,184.5680389404297
2019-07-23,185.7759246826172
2019-07-24,187.07962036132812
2019-07-25,185.30615234375
2019-07-26,187.21388244628906
2019-07-29,186.5715789794922
2019-07-30,185.766357421875
2019-07-31,183.19717407226562
2019-08-01,182.28639221191406
2019-08-02,179.6022491455078
2019-08-05,173.25601196289062
2019-08-06,175.68141174316406
2019-08-07,176.63046264648438
2019-08-08,180.47459411621094
2019-08-09,178.77780151367188
2019-08-12,176.72633361816406
2019-08-13,180.59922790527344
2019-08-14,175.20211791992188
2019-08-15,175.000732421875
2019-08-16,177.8095703125
2019-08-19,180.63758850097656
2019-08-20,179.23797607421875
2019-08-21,180.8292999267578
2019-08-22,180.2445526123047
2019-08-23,174.54058837890625
2019-08-26,177.1768798828125
2019-08-27,176.8030242919922
2019-08-28,177.43568420410156
2019-08-29,180.14865112304688
2019-08-30,179.71726989746094
2019-09-03,177.9725341796875
2019-09-04,180.54168701171875
2019-09-05,183.8490447998047
2019-09-06,183.66688537597656
2019-09-09,183.28346252441406
2019-09-10,182.75619506835938
2019-09-11,184.4721221923828
2019-09-12,185.23904418945312
2019-09-13,184.57765197753906
2019-09-16,183.75318908691406
2019-09-17,184.63511657714844
2019-09-18,184.55841064453125
2019-09-19,184.86520385742188
2019-09-20,182.9095916748047
2019-09-23,182.9902801513672
2019-09-24,180.5600128173828
2019-09-25,182.58682250976562
2019-09-26,181.91445922851562
2019-09-27,179.65701293945312
2019-09-30,181.3668670654297
2019-10-01,179.88760375976562
2019-10-02,176.79454040527344
2019-10-03,178.7349090576172
2019-10-04,181.3668670654297
2019-10-07,180.8193359375
2019-10-08,178.1104736328125
2019-10-09,179.84915161132812
2019-10-10,181.2419891357422
2019-10-11,183.57618713378906
2019-10-14,183.5569610595703
2019-10-15,185.89114379882812
2019-10-16,185.43006896972656
2019-10-17,185.9199981689453
2019-10-18,184.13333129882812
2019-10-21,185.766357421875
2019-10-22,184.28704833984375
2019-10-23,184.6424560546875
2019-10-24,186.438720703125
2019-10-25,187.92759704589844
2019-10-28,189.78158569335938
2019-10-29,188.31185913085938
2019-10-30,189.22442626953125
2019-10-31,189.31088256835938
2019-11-01,191.03030395507812
2019-11-04,192.2118377685547
2019-11-05,192.31748962402344
2019-11-06,191.8852081298828
2019-11-07,192.5287628173828
2019-11-08,193.29722595214844
2019-11-11,193.03785705566406
2019-11-12,193.59503173828125
2019-11-13,193.64305114746094
2019-11-14,193.4893798828125
2019-11-15,194.91102600097656
2019-11-18,195.06471252441406
2019-11-19,195.35289001464844
2019-11-20,194.1810302734375
2019-11-21,193.74868774414062
2019-11-22,193.8736572265625
2019-11-25,196.1693878173828
2019-11-26,196.54403686523438
2019-11-27,197.91766357421875
2019-11-29,197.0147247314453
2019-12-02,194.9974822998047
2019-12-03,193.47019958496094
2019-12-04,194.449951171875
2019-12-05,194.8341522216797
2019-12-06,196.9186248779297
2019-12-09,196.0253143310547
2019-12-10,195.8619842529297
2019-12-11,196.89942932128906
2019-12-12,198.36912536621094
2019-12-13,199.0222625732422
2019-12-16,201.02029418945312
2019-12-17,201.13555908203125
2019-12-18,201.2892608642578
2019-12-19,202.54762268066406
2019-12-20,203.36412048339844
2019-12-23,203.90127563476562
2019-12-24,204.00721740722656
2019-12-26,205.807373046875
2019-12-27,205.63409423828125
2019-12-30,204.28634643554688
2019-12-31,204.67141723632812
2020-01-02,208.08888244628906
2020-01-03,206.18276977539062
2020-01-06,207.51124572753906
2020-01-07,207.48239135742188
2020-01-08,209.0419158935547
2020-01-09,210.81321716308594
2020-01-10,210.2741241455078
2020-01-13,212.7000274658203
2020-01-14,211.86248779296875
2020-01-15,211.94912719726562
2020-01-16,213.98033142089844
2020-01-17,215.039306640625
2020-01-21,214.94302368164062
2020-01-22,215.510986328125
2020-01-23,216.20407104492188
2020-01-24,214.38467407226562
2020-01-27,209.95639038085938
2020-01-28,213.18136596679688
2020-01-29,213.52789306640625
2020-01-30,214.28843688964844
2020-01-31,210.89019775390625
2020-02-03,214.07662963867188
2020-02-04,218.97659301757812
2020-02-05,219.69854736328125
2020-02-06,221.59500122070312
2020-02-07,220.6419677734375
2020-02-10,223.30853271484375
2020-02-11,223.34706115722656
2020-02-12,225.5226593017578
2020-02-13,225.23388671875
2020-02-14,225.87884521484375
2020-02-18,225.9654541015625
2020-02-19,228.13145446777344
2020-02-20,226.01361083984375
2020-02-21,221.67201232910156
2020-02-24,213.1236114501953
2020-02-25,207.32833862304688
2020-02-26,208.3968963623047
2020-02-27,197.96165466308594
2020-02-28,198.11569213867188
2020-03-02,208.33914184570312
2020-03-03,201.65826416015625
2020-03-04,210.0719451904297
2020-03-05,203.6894989013672
2020-03-06,200.25279235839844
2020-03-09,186.3423309326172
2020-03-10,196.4888153076172
2020-03-11,187.93077087402344
2020-03-12,170.69912719726562
2020-03-13,185.1582489013672
2020-03-16,162.97854614257812
2020-03-17,175.33914184570312
2020-03-18,170.00601196289062
2020-03-19,171.0264434814453
2020-03-20,164.32630920410156
2020-03-23,164.44496154785156
2020-03-24,177.17916870117188
2020-03-25,175.86717224121094
2020-03-26,185.1283721923828
2020-03-27,178.76132202148438
2020-03-30,185.2634735107422
2020-03-31,183.68128967285156
2020-04-01,175.87677001953125
2020-04-02,179.44625854492188
2020-04-03,176.89935302734375
2020-04-06,189.54672241210938
2020-04-07,189.4695587158203
2020-04-08,193.49244689941406
2020-04-09,193.772216796875
2020-04-13,195.8656463623047
2020-04-14,204.38404846191406
2020-04-15,202.039794921875
2020-04-16,205.7250213623047
2020-04-17,207.6929931640625
2020-04-20,205.23301696777344
2020-04-21,197.6599884033203
2020-04-22,203.5254364013672
2020-04-23,203.09132385253906
2020-04-24,206.29417419433594
2020-04-27,207.95346069335938
2020-04-28,204.03677368164062
2020-04-29,211.27210998535156
2020-04-30,211.18524169921875
2020-05-01,205.23301696777344
2020-05-04,207.62547302246094
2020-05-05,209.97933959960938
2020-05-06,211.27210998535156
2020-05-07,213.9925537109375
2020-05-08,216.92535400390625
2020-05-11,218.86439514160156
2020-05-12,214.2820281982422
2020-05-13,211.6000518798828
2020-05-14,214.0022430419922
2020-05-15,215.3914337158203
2020-05-18,219.40464782714844
2020-05-19,218.85476684570312
2020-05-20,223.2248992919922
2020-05-21,220.7938232421875
2020-05-22,221.555908203125
2020-05-26,220.95779418945312
2020-05-27,222.16371154785156
2020-05-28,221.87425231933594
2020-05-29,225.1253662109375
2020-06-01,225.8006591796875
2020-06-02,227.3152618408203
2020-06-03,228.33787536621094
2020-06-04,226.7364044189453
2020-06-05,231.2320098876953
2020-06-08,233.0264129638672
2020-06-09,234.7146453857422
2020-06-10,237.53158569335938
2020-06-11,225.7620849609375
2020-06-12,227.5564727783203
2020-06-15,230.32518005371094
2020-06-16,234.28053283691406
2020-06-17,235.0233154296875
2020-06-18,235.66004943847656
2020-06-19,235.62142944335938
2020-06-22,238.44723510742188
2020-06-23,240.4766387939453
2020-06-24,235.51901245117188
2020-06-25,237.7610321044922
2020-06-26,232.14633178710938
2020-06-29,234.67823791503906
2020-06-30,239.2783203125
2020-07-01,242.07115173339844
2020-07-02,243.71400451660156
2020-07-06,249.7056427001953
2020-07-07,247.98538208007812
2020-07-08,251.25181579589844
2020-07-09,253.36817932128906
2020-07-10,255.09812927246094
2020-07-13,249.8505859375
2020-07-14,251.6190643310547
2020-07-15,252.13125610351562
2020-07-16,250.41110229492188
2020-07-17,250.70098876953125
2020-07-20,257.81365966796875
2020-07-21,255.1270751953125
2020-07-22,256.02581787109375
2020-07-23,249.33839416503906
2020-07-24,246.97071838378906
2020-07-27,251.37744140625
2020-07-28,248.17872619628906
2020-07-29,251.03924560546875
2020-07-30,252.353515625
2020-07-31,256.8569030761719
2020-08-03,260.3262634277344
2020-08-04,261.292724609375
2020-08-05,261.94012451171875
2020-08-06,265.4094543457031
2020-08-07,262.34600830078125
2020-08-10,261.2250061035156
2020-08-11,256.2770080566406
2020-08-12,262.7228698730469
2020-08-13,263.3221130371094
2020-08-14,263.01287841796875
2020-08-17,266.06658935546875
2020-08-18,268.6275329589844
2020-08-19,266.8204650878906
2020-08-20,270.5216369628906
2020-08-21,272.39642333984375
2020-08-24,274.0973205566406
2020-08-25,276.2522888183594
2020-08-26,282.1473388671875
2020-08-27,281.2679138183594
2020-08-28,282.6982727050781
2020-08-31,284.96929931640625
2020-09-01,289.8398132324219
2020-09-02,292.5843811035156
2020-09-03,277.7502746582031
2020-09-04,274.0489501953125
2020-09-08,260.8770446777344
2020-09-09,268.54052734375
2020-09-10,263.1866760253906
2020-09-11,261.3603515625
2020-09-14,265.9120178222656
2020-09-15,269.680908203125
2020-09-16,265.3805236816406
2020-09-17,261.234619140625
2020-09-18,257.9006652832031
2020-09-21,258.5191345214844
2020-09-22,263.3221130371094
2020-09-23,255.28167724609375
2020-09-24,256.47039794921875
2020-09-25,262.4330139160156
2020-09-28,267.88348388671875
2020-09-29,266.6754455566406
2020-09-30,268.5018615722656
2020-10-01,272.763671875
2020-10-02,265.0906066894531
2020-10-05,270.7439880371094
2020-10-06,265.9120178222656
2020-10-07,270.5119934082031
2020-10-08,271.95196533203125
2020-10-09,276.1074523925781
2020-10-12,284.6309509277344
2020-10-13,284.6213684082031
2020-10-14,282.2439880371094
2020-10-15,280.349853515625
2020-10-16,278.8133239746094
2020-10-19,274.2615966796875
2020-10-20,274.8510437011719
2020-10-21,274.63848876953125
2020-10-22,274.6288146972656
2020-10-23,275.1700439453125
2020-10-26,271.0434875488281
2020-10-27,273.1599426269531
2020-10-28,262.51031494140625
2020-10-29,267.1006774902344
2020-10-30,260.3262634277344
2020-11-02,260.9061279296875
2020-11-03,265.41912841796875
2020-11-04,277.2670593261719
2020-11-05,284.49560546875
2020-11-06,284.7082824707031
2020-11-09,278.89056396484375
2020-11-10,273.8943176269531
2020-11-11,280.02130126953125
2020-11-12,278.70703125
2020-11-13,281.1519775390625
2020-11-16,283.345703125
2020-11-17,282.4468994140625
2020-11-18,280.3594970703125
2020-11-19,282.5532531738281
2020-11-20,280.6204833984375
2020-11-23,280.6300964355469
2020-11-24,284.572998046875
2020-11-25,286.3221435546875
2020-11-27,288.9604797363281
2020-11-30,289.54986572265625
2020-12-01,293.2608337402344
2020-12-02,293.6377258300781
2020-12-03,294.0533142089844
2020-12-04,295.25164794921875
2020-12-07,296.9234313964844
2020-12-08,297.92852783203125
2020-12-09,291.1830749511719
2020-12-10,292.3524169921875
2020-12-11,291.7050476074219
2020-12-14,293.8213806152344
2020-12-15,296.962158203125
2020-12-16,298.5953369140625
2020-12-17,300.5473937988281
2020-12-18,299.6390075683594
2020-12-21,299.0784912109375
2020-12-22,299.8916320800781
2020-12-23,298.3814392089844
2020-12-24,299.6980895996094
2020-12-28,302.71868896484375
2020-12-29,302.9897155761719
2020-12-30,302.99945068359375
2020-12-31,303.7448425292969
2021-01-04,299.4560241699219
2021-01-05,301.92474365234375
2021-01-06,297.7424621582031
2021-01-07,304.9453430175781
2021-01-08,308.8663330078125
2021-01-11,304.4032287597656
2021-01-12,303.919189453125
2021-01-13,305.9717102050781
2021-01-14,304.3354797363281
2021-01-15,301.92474365234375
2021-01-19,306.3299255371094
2021-01-20,313.4553527832031
2021-01-21,315.962890625
2021-01-22,315.0527648925781
2021-01-25,317.6570129394531
2021-01-26,318.121826171875
2021-01-27,309.25360107421875
2021-01-28,311.0835266113281
2021-01-29,304.5387878417969
2021-02-01,312.14837646484375
2021-02-02,317.24078369140625
2021-02-03,315.9822082519531
2021-02-04,319.7192077636719
2021-02-05,320.8034973144531
2021-02-08,322.95281982421875
2021-02-09,322.88507080078125
2021-02-10,322.1492919921875
2021-02-11,323.9209899902344
2021-02-12,325.7314758300781
2021-02-16,324.85040283203125
2021-02-17,323.291748046875
2021-02-18,321.878173828125
2021-02-19,320.474365234375
2021-02-22,312.167724609375
2021-02-23,311.23834228515625
2021-02-24,313.8039245605469
2021-02-25,302.8638916015625
2021-02-26,304.1322021484375
2021-03-01,313.2810974121094
2021-03-02,308.2564697265625
2021-03-03,299.3108215332031
2021-03-04,294.4119873046875
2021-03-05,298.84613037109375
2021-03-08,290.3844909667969
2021-03-09,301.8376770019531
2021-03-10,300.97601318359375
2021-03-11,307.9079284667969
2021-03-12,305.4100341796875
2021-03-15,308.6727294921875
2021-03-16,310.3669738769531
2021-03-17,311.6448669433594
2021-03-18,302.0990905761719
2021-03-19,303.16400146484375
2021-03-22,308.84930419921875
2021-03-23,307.50189208984375
2021-03-24,302.3157958984375
2021-03-25,301.79229736328125
2021-03-26,306.3193664550781
2021-03-29,306.2320251464844
2021-03-30,304.6907958984375
2021-03-31,309.3534240722656
2021-04-01,314.6267395019531
2021-04-05,320.9082336425781
2021-04-06,320.685302734375
2021-04-07,321.4607238769531
2021-04-08,324.8147277832031
2021-04-09,326.7825622558594
2021-04-12,326.3561096191406
2021-04-13,330.1656494140625
2021-04-14,326.2010498046875
2021-04-15,331.1446533203125
2021-04-16,331.532470703125
2021-04-19,328.49835205078125
2021-04-20,326.1039733886719
2021-04-21,328.89581298828125
2021-04-22,324.9311218261719
2021-04-23,329.0218811035156
2021-04-26,331.16412353515625
2021-04-27,329.72943115234375
2021-04-28,328.61468505859375
2021-04-29,329.79736328125
2021-04-30,327.6356201171875
2021-05-03,325.8907775878906
2021-05-04,320.0260925292969
2021-05-05,318.9501647949219
2021-05-06,321.35418701171875
2021-05-07,323.96173095703125
2021-05-10,315.78033447265625
2021-05-11,315.3441467285156
2021-05-12,307.18206787109375
2021-05-13,309.5570068359375
2021-05-14,316.39105224609375
2021-05-17,314.4716491699219
2021-05-18,312.3487854003906
2021-05-19,312.7073974609375
2021-05-20,318.75628662109375
2021-05-21,316.99200439453125
2021-05-24,322.3234558105469
2021-05-25,322.76947021484375
2021-05-26,323.8938903808594
2021-05-27,322.6821594238281
2021-05-28,323.7000427246094
2021-06-01,322.6240539550781
2021-06-02,323.25408935546875
2021-06-03,319.8904113769531
2021-06-04,325.3188171386719
2021-06-07,326.28814697265625
2021-06-08,326.443359375
2021-06-09,326.5209045410156
2021-06-10,329.9233703613281
2021-06-11,330.7860107421875
2021-06-14,333.955810546875
2021-06-15,331.7748718261719
2021-06-16,330.56317138671875
2021-06-17,334.760498046875
2021-06-18,332.1335754394531
2021-06-21,334.1976623535156
2021-06-22,337.31298828125
2021-06-23,337.4779052734375
2021-06-24,339.5644836425781
2021-06-25,339.147216796875
2021-06-28,343.271728515625
2021-06-29,344.51397705078125
2021-06-30,343.9705505371094
2021-07-01,344.1064453125
2021-07-02,348.0563049316406
2021-07-06,349.56060791015625
2021-07-07,350.2981262207031
2021-07-08,348.182373046875
2021-07-09,350.3563537597656
2021-07-12,351.7247619628906
2021-07-13,351.7247619628906
2021-07-14,352.35552978515625
2021-07-15,349.8808288574219
2021-07-16,347.0469970703125
2021-07-19,344.2033996582031
2021-07-20,348.2018127441406
2021-07-21,350.89007568359375
2021-07-22,353.2095642089844
2021-07-23,357.3341064453125
2021-07-26,357.6156005859375
2021-07-27,353.6754455566406
2021-07-28,355.0340576171875
2021-07-29,355.66485595703125
2021-07-30,353.811279296875
2021-08-02,353.8404541015625
2021-08-03,355.98516845703125
2021-08-04,356.49951171875
2021-08-05,358.7608337402344
2021-08-06,357.1885070800781
2021-08-09,357.8485412597656
2021-08-10,356.0142822265625
2021-08-11,355.4028625488281
2021-08-12,356.6839599609375
2021-08-13,357.935791015625
2021-08-16,358.0911560058594
2021-08-17,354.93707275390625
2021-08-18,351.52099609375
2021-08-19,353.2192687988281
2021-08-20,356.8780517578125
2021-08-23,362.2156677246094
2021-08-24,363.3221740722656
2021-08-25,363.7394104003906
2021-08-26,361.4295959472656
2021-08-27,364.94281005859375
2021-08-30,369.0382995605469
2021-08-31,368.7374267578125
2021-09-01,369.34881591796875
2021-09-02,369.1741027832031
2021-09-03,370.3096618652344
2021-09-07,370.8336486816406
2021-09-08,369.5428771972656
2021-09-09,368.27154541015625
2021-09-10,365.4765930175781
2021-09-13,365.2242431640625
2021-09-14,364.1858825683594
2021-09-15,366.8934326171875
2021-09-16,367.145751953125
2021-09-17,362.7980651855469
2021-09-20,355.3013916015625
2021-09-21,355.7386474609375
2021-09-22,359.0614013671875
2021-09-23,362.3743896484375
2021-09-24,362.71441650390625
2021-09-27,359.8191833496094
2021-09-28,349.6371765136719
2021-09-29,349.0639343261719
2021-09-30,347.7814636230469
2021-10-01,349.9383544921875
2021-10-04,342.5933532714844
2021-10-05,347.2179870605469
2021-10-06,349.44293212890625
2021-10-07,352.6490173339844
2021-10-08,350.8904724121094
2021-10-11,348.1992492675781
2021-10-12,346.9848327636719
2021-10-13,349.76348876953125
2021-10-14,356.20501708984375
2021-10-15,358.4492492675781
2021-10-18,362.0538330078125
2021-10-19,364.7935791015625
2021-10-20,364.3175964355469
2021-10-21,366.5424499511719
2021-10-22,363.4626159667969
2021-10-25,367.1835632324219
2021-10-26,368.33978271484375
2021-10-27,369.19482421875
2021-10-28,373.29486083984375
2021-10-29,375.1310729980469
2021-11-01,376.4135437011719
2021-11-02,377.9874267578125
2021-11-03,382.0
2021-11-04,386.896728515625
2021-11-05,387.265869140625
2021-11-08,386.74127197265625
2021-11-09,384.0792236328125
2021-11-10,378.43438720703125
2021-11-11,379.4837341308594
2021-11-12,383.47686767578125
2021-11-15,383.3893127441406
2021-11-16,386.1195068359375
2021-11-17,386.323486328125
2021-11-18,390.3263244628906
2021-11-19,392.5027160644531
2021-11-22,387.946044921875
2021-11-23,386.1778259277344
2021-11-24,387.4213562011719
2021-11-26,380.0762939453125
2021-11-29,388.3249206542969
2021-11-30,382.621826171875
2021-12-01,376.1123352050781
2021-12-02,378.8230285644531
2021-12-03,372.23577880859375
2021-12-06,375.2184753417969
2021-12-07,386.5177917480469
2021-12-08,388.2471618652344
2021-12-09,382.5343933105469
2021-12-10,386.69268798828125
2021-12-13,381.1062316894531
2021-12-14,377.1616516113281
2021-12-15,385.75994873046875
2021-12-16,375.84033203125
2021-12-17,373.9652404785156
2021-12-20,370.3375244140625
2021-12-21,378.6258850097656
2021-12-22,383.2369384765625
2021-12-23,386.1263122558594
2021-12-27,392.5078430175781
2021-12-28,390.6886901855469
2021-12-29,390.63031005859375
2021-12-30,389.4629821777344
2021-12-31,387.03106689453125
2022-01-03,390.7568359375
2022-01-04,385.6884460449219
2022-01-05,373.8397216796875
2022-01-06,373.5770263671875
2022-01-07,369.5301818847656
2022-01-10,369.77337646484375
2022-01-11,375.328125
2022-01-12,376.8164978027344
2022-01-13,367.3900451660156
2022-01-14,369.6760559082031
2022-01-18,360.47332763671875
2022-01-19,356.51397705078125
2022-01-20,351.8834533691406
2022-01-21,342.12615966796875
2022-01-24,343.69244384765625
2022-01-25,335.7251281738281
2022-01-26,335.1998596191406
2022-01-27,331.8241882324219
2022-01-28,342.2331848144531
2022-01-31,353.1772766113281
2022-02-01,355.5801086425781
2022-02-02,358.4693298339844
2022-02-03,343.93560791015625
2022-02-04,348.2743225097656
2022-02-07,345.47271728515625
2022-02-08,349.3541564941406
2022-02-09,356.75726318359375
2022-02-10,348.6829528808594
2022-02-11,337.6220397949219
2022-02-14,338.0404357910156
2022-02-15,346.4454650878906
2022-02-16,346.35791015625
2022-02-17,336.055908203125
2022-02-18,332.2230224609375
2022-02-22,328.8862609863281
2022-02-23,320.4618225097656
2022-02-24,331.230712890625
2022-02-25,336.36724853515625
2022-02-28,337.36920166015625
2022-03-01,332.20355224609375
2022-03-02,337.7777404785156
2022-03-03,332.95269775390625
2022-03-04,328.12750244140625
2022-03-07,316.02581787109375
2022-03-08,314.556884765625
2022-03-09,325.88037109375
2022-03-10,322.26153564453125
2022-03-11,315.5782775878906
2022-03-14,309.51776123046875
2022-03-15,319.2262878417969
2022-03-16,331.0653991699219
2022-03-17,335.0733947753906
2022-03-18,341.9316101074219
2022-03-21,340.9809875488281
2022-03-22,347.6821594238281
2022-03-23,342.685546875
2022-03-24,350.3022766113281
2022-03-25,350.01007080078125
2022-03-28,355.425537109375
2022-03-29,361.54241943359375
2022-03-30,357.5489501953125
2022-03-31,353.1170959472656
2022-04-01,352.44512939453125
2022-04-04,359.7014465332031
2022-04-05,351.71466064453125
2022-04-06,344.0782775878906
2022-04-07,344.896484375
2022-04-08,340.07513427734375
2022-04-11,332.0299072265625
2022-04-12,330.6273498535156
2022-04-13,337.3480224609375
2022-04-14,329.6338195800781
2022-04-18,329.88714599609375
2022-04-19,337.26031494140625
2022-04-20,332.341552734375
2022-04-21,325.4650573730469
2022-04-22,316.9424743652344
2022-04-25,321.0138854980469
2022-04-26,308.89715576171875
2022-04-27,308.5270690917969
2022-04-28,319.484619140625
2022-04-29,305.1082763671875
2022-05-02,310.202392578125
2022-05-03,310.5335693359375
2022-05-04,321.0333251953125
2022-05-05,304.8647766113281
2022-05-06,301.2122497558594
2022-05-09,289.4267578125
2022-05-10,292.94293212890625
2022-05-11,284.254638671875
2022-05-12,283.5826721191406
2022-05-13,294.09228515625
2022-05-16,290.6831970214844
2022-05-17,298.21234130859375
2022-05-18,283.5730285644531
2022-05-19,282.0534362792969
2022-05-20,281.17694091796875
2022-05-23,285.8521728515625
2022-05-24,279.7742919921875
2022-05-25,283.68988037109375
2022-05-26,291.5500793457031
2022-05-27,301.066162109375
2022-05-31,300.2674255371094
2022-06-01,298.04681396484375
2022-06-02,306.20892333984375
2022-06-03,298.2414855957031
2022-06-06,299.2349853515625
2022-06-07,301.81610107421875
2022-06-08,299.64410400390625
2022-06-09,291.6182861328125
2022-06-10,281.332763671875
2022-06-13,268.2518005371094
2022-06-14,268.7388000488281
2022-06-15,275.4496765136719
2022-06-16,264.3362731933594
2022-06-17,267.550537109375
2022-06-21,274.3006286621094
2022-06-22,273.9005432128906
2022-06-23,277.979736328125
2022-06-24,287.5043029785156
2022-06-27,285.39642333984375
2022-06-28,276.7013244628906
2022-06-29,276.95501708984375
2022-06-30,273.5200500488281
2022-07-01,275.3252868652344
2022-07-05,280.0388488769531
2022-07-06,281.83447265625
2022-07-07,287.86541748046875
2022-07-08,288.2265319824219
2022-07-11,282.06866455078125
2022-07-12,279.336181640625
2022-07-13,278.7604675292969
2022-07-14,279.755859375
2022-07-15,284.83038330078125
2022-07-18,282.4200439453125
2022-07-19,291.1053161621094
2022-07-20,295.7212829589844
2022-07-21,299.9663391113281
2022-07-22,294.7063293457031
2022-07-25,293.02783203125
2022-07-26,287.2701110839844
2022-07-27,299.41009521484375
2022-07-28,302.3377380371094
2022-07-29,307.85137939453125
2022-08-01,307.6659851074219
2022-08-02,306.74871826171875
2022-08-03,315.102294921875
2022-08-04,316.5758361816406
2022-08-05,313.98980712890625
2022-08-08,312.97479248046875
2022-08-09,309.43243408203125
2022-08-10,318.0689697265625
2022-08-11,316.2635192871094
2022-08-12,322.4214172363281
2022-08-15,325.0269775390625
2022-08-16,324.26580810546875
2022-08-17,320.5672302246094
2022-08-18,321.3381652832031
2022-08-19,315.0729675292969
2022-08-22,306.77801513671875
2022-08-23,306.5242004394531
2022-08-24,307.4123229980469
2022-08-25,312.847900390625
2022-08-26,300.02484130859375
2022-08-29,297.0679626464844
2022-08-30,293.759765625
2022-08-31,292.05194091796875
2022-09-01,292.1788330078125
2022-09-02,288.0508728027344
2022-09-06,285.9819641113281
2022-09-07,291.7591552734375
2022-09-08,293.27178955078125
2022-09-09,299.683349609375
2022-09-12,303.2453308105469
2022-09-13,286.6163635253906
2022-09-14,288.8901062011719
2022-09-15,284.0790100097656
2022-09-16,282.34197998046875
2022-09-19,284.5406188964844
2022-09-20,282.2725524902344
2022-09-21,277.2181701660156
2022-09-22,273.8061828613281
2022-09-23,269.34820556640625
2022-09-26,268.233642578125
2022-09-27,268.34124755859375
2022-09-28,273.67913818359375
2022-09-29,265.7895812988281
2022-09-30,261.28271484375
2022-10-03,267.4125061035156
2022-10-04,275.82012939453125
2022-10-05,275.6734313964844
2022-10-06,273.5032043457031
2022-10-07,263.08148193359375
2022-10-10,260.45172119140625
2022-10-11,256.87359619140625
2022-10-12,256.7855529785156
2022-10-13,262.80780029296875
2022-10-14,254.9084930419922
2022-10-17,263.3259582519531
2022-10-18,265.4083251953125
2022-10-19,264.44049072265625
2022-10-20,263.0914001464844
2022-10-21,269.2602844238281
2022-10-24,272.2224426269531
2022-10-25,277.8536071777344
2022-10-26,271.7140197753906
2022-10-27,266.7672119140625
2022-10-28,274.9304504394531
2022-10-31,271.7336120605469
2022-11-01,268.9571533203125
2022-11-02,259.7380676269531
2022-11-03,254.66409301757812
2022-11-04,258.7603454589844
2022-11-07,261.60528564453125
2022-11-08,263.51171875
2022-11-09,257.4308166503906
2022-11-10,276.4262390136719
2022-11-11,281.5196838378906
2022-11-14,279.05609130859375
2022-11-15,282.91778564453125
2022-11-16,279.05609130859375
2022-11-17,278.4401550292969
2022-11-18,278.4499816894531
2022-11-21,275.5855407714844
2022-11-22,279.55474853515625
2022-11-23,282.3605651855469
2022-11-25,280.5030517578125
2022-11-28,276.3871765136719
2022-11-29,274.2950439453125
2022-11-30,286.7989807128906
2022-12-01,287.15087890625
2022-12-02,286.0070495605469
2022-12-05,281.2069396972656
2022-12-06,275.3802490234375
2022-12-07,274.2559509277344
2022-12-08,277.5016784667969
2022-12-09,275.7321472167969
2022-12-12,279.1929016113281
2022-12-13,282.1943359375
2022-12-14,280.1021728515625
2022-12-15,270.6972961425781
2022-12-16,268.1163635253906
2022-12-19,264.3483581542969
2022-12-20,264.142578125
2022-12-21,267.97430419921875
2022-12-22,261.418212890625
2022-12-23,262.0061950683594
2022-12-27,258.3018798828125
2022-12-28,254.89163208007812
2022-12-29,261.10467529296875
2022-12-30,260.94781494140625
2023-01-03,259.1839294433594
2023-01-04,260.4186706542969
2023-01-05,256.34197998046875
2023-01-06,263.4173889160156
2023-01-09,265.12255859375
2023-01-10,267.36669921875
2023-01-11,271.9921569824219
2023-01-12,273.462158203125
2023-01-13,275.3436584472656
2023-01-17,275.9023132324219
2023-01-18,272.3155517578125
2023-01-19,269.6402893066406
2023-01-20,277.01947021484375
2023-01-23,283.1736755371094
2023-01-24,282.59552001953125
2023-01-25,281.9683532714844
2023-01-26,287.46600341796875
2023-01-27,290.3275146484375
2023-01-30,284.45745849609375
2023-01-31,288.7204284667969
2023-02-01,294.8941650390625
2023-02-02,305.4779357910156
2023-02-03,300.0488586425781
2023-02-06,297.5107727050781
2023-02-07,303.67474365234375
2023-02-08,298.2751159667969
2023-02-09,295.6390075683594
2023-02-10,293.6986083984375
2023-02-13,298.4024963378906
2023-02-14,300.607421875
2023-02-15,302.91046142578125
2023-02-16,297.2265625
2023-02-17,295.12945556640625
2023-02-21,288.1421813964844
2023-02-22,288.35772705078125
2023-02-23,290.8762512207031
2023-02-24,286.0058898925781
2023-02-27,288.0539855957031
2023-02-28,287.6816101074219
2023-03-01,285.3688659667969
2023-03-02,287.7305603027344
2023-03-03,293.6789855957031
2023-03-06,294.0121765136719
2023-03-07,290.4059143066406
2023-03-08,291.8562927246094
2023-03-09,286.7996520996094
2023-03-10,282.77191162109375
2023-03-13,284.86907958984375
2023-03-14,291.41522216796875
2023-03-15,292.9440612792969
2023-03-16,300.666259765625
2023-03-17,299.2452392578125
2023-03-20,300.3072509765625
2023-03-21,304.5963439941406
2023-03-22,300.4544677734375
2023-03-23,304.017333984375
2023-03-24,305.13623046875
2023-03-27,303.0456237792969
2023-03-28,301.43597412109375
2023-03-29,306.9323425292969
2023-03-30,309.83758544921875
2023-03-31,314.9903869628906
2023-04-03,314.2248229980469
2023-04-04,313.1648254394531
2023-04-05,310.0731506347656
2023-04-06,312.1636657714844
2023-04-10,311.987060546875
2023-04-11,309.98480224609375
2023-04-12,307.2464294433594
2023-04-13,313.26300048828125
2023-04-14,312.674072265625
2023-04-17,312.9391174316406
2023-04-18,312.958740234375
2023-04-19,312.8114318847656
2023-04-20,310.4264831542969
2023-04-21,310.7503662109375
2023-04-24,310.10260009765625
2023-04-25,304.2528381347656
2023-04-26,306.0980529785156
2023-04-27,314.421142578125
2023-04-28,316.5902404785156
2023-05-01,316.22711181640625
2023-05-02,313.4691162109375
2023-05-03,311.41778564453125
2023-05-04,310.3184814453125
2023-05-05,316.9142150878906
2023-05-08,317.6993408203125
2023-05-09,315.6872863769531
2023-05-10,319.12249755859375
2023-05-11,320.1628723144531
2023-05-12,319.0145263671875
2023-05-15,320.7419128417969
2023-05-16,321.1051025390625
2023-05-17,324.9917907714844
2023-05-18,331.02801513671875
2023-05-19,330.2820129394531
2023-05-22,331.39111328125
2023-05-23,327.1903381347656
2023-05-24,325.5119934082031
2023-05-25,333.43267822265625
2023-05-26,341.95196533203125
2023-05-30,343.5028381347656
2023-05-31,341.549560546875
2023-06-01,345.4952087402344
2023-06-02,348.0863342285156
2023-06-05,348.33172607421875
2023-06-06,348.27276611328125
2023-06-07,342.3642272949219
2023-06-08,346.61407470703125
2023-06-09,347.9391174316406
2023-06-12,353.8182678222656
2023-06-13,356.5369567871094
2023-06-14,359.12811279296875
2023-06-15,363.40740966796875
2023-06-16,361.12054443359375
2023-06-20,360.60357666015625
2023-06-21,355.6893310546875
2023-06-22,359.88616943359375
2023-06-23,356.31842041015625
2023-06-26,351.5417785644531
2023-06-27,357.5862121582031
2023-06-28,358.2841491699219
2023-06-29,357.5665588378906
2023-06-30,363.080322265625
2023-07-03,363.9353942871094
2023-07-05,363.9256286621094
2023-07-06,361.15399169921875
2023-07-07,359.9548645019531
2023-07-10,360.0728759765625
2023-07-11,361.851806640625
2023-07-12,366.4219970703125
2023-07-13,372.64337158203125
2023-07-14,372.5647277832031
2023-07-17,376.04400634765625
2023-07-18,379.1202697753906
2023-07-19,379.0318603515625
2023-07-20,370.2944641113281
2023-07-21,369.1838073730469
2023-07-24,369.7735290527344
2023-07-25,372.2797546386719
2023-07-26,371.04132080078125
2023-07-27,370.1567687988281
2023-07-28,376.8990783691406
2023-07-31,377.09564208984375
2023-08-01,376.2209167480469
2023-08-02,367.9650573730469
2023-08-03,367.37530517578125
2023-08-04,365.6553955078125
2023-08-07,368.7513427734375
2023-08-08,365.6161193847656
2023-08-09,361.59625244140625
2023-08-10,362.2645568847656
2023-08-11,359.9548645019531
2023-08-14,363.9943542480469
2023-08-15,360.1318054199219
2023-08-16,356.31842041015625
2023-08-17,352.42633056640625
2023-08-18,351.984130859375
2023-08-21,357.65509033203125
2023-08-22,357.1439514160156
2023-08-23,362.77557373046875
2023-08-24,355.0210266113281
2023-08-25,357.77294921875
2023-08-28,360.4659729003906
2023-08-29,368.3385314941406
2023-08-30,370.39263916015625
2023-08-31,371.5032958984375
2023-09-01,371.110107421875
2023-09-05,371.5818786621094
2023-09-06,368.3089599609375
2023-09-07,365.67498779296875
2023-09-08,366.1861267089844
2023-09-11,370.50079345703125
2023-09-12,366.3924865722656
2023-09-13,367.78814697265625
2023-09-14,370.79559326171875
2023-09-15,364.4465026855469
2023-09-18,364.8263854980469
2023-09-19,364.04876708984375
2023-09-20,358.8027648925781
2023-09-21,352.22784423828125
2023-09-22,352.27703857421875
2023-09-25,353.9502868652344
2023-09-26,348.6352844238281
2023-09-27,349.4522399902344
2023-09-28,352.3755187988281
2023-09-29,352.6313781738281
2023-10-02,355.5743103027344
2023-10-03,349.3341369628906
2023-10-04,354.088134765625
2023-10-05,353.0448303222656
2023-10-06,358.9602355957031
2023-10-09,360.7909240722656
2023-10-10,362.7889709472656
2023-10-11,365.3775329589844
2023-10-12,364.10784912109375
2023-10-13,359.53106689453125
2023-10-16,363.5960998535156
2023-10-17,362.4051208496094
2023-10-18,357.6511535644531
2023-10-19,354.30462646484375
2023-10-20,349.0191345214844
2023-10-23,350.0722961425781
2023-10-24,353.47784423828125
2023-10-25,344.8262023925781
2023-10-26,338.2513732910156
2023-10-27,339.8753967285156
2023-10-30,343.7041320800781
2023-10-31,345.347900390625
2023-11-01,351.34197998046875
2023-11-02,357.7200012207031
2023-11-03,361.9228210449219
2023-11-06,363.3992004394531
2023-11-07,366.8342590332031
2023-11-08,367.07049560546875
2023-11-09,364.24566650390625
2023-11-10,372.4347229003906
2023-11-13,371.2732849121094
2023-11-14,379.2655029296875
2023-11-15,379.5509338378906
2023-11-16,379.87579345703125
2023-11-17,379.9643249511719
2023-11-20,384.5903625488281
2023-11-21,382.3561096191406
2023-11-22,383.92108154296875
2023-11-24,383.3797302246094
2023-11-27,383.0451354980469
2023-11-28,384.04901123046875
2023-11-29,383.6750793457031
2023-11-30,382.71044921875
2023-12-01,383.8029479980469
2023-12-04,380.2399597167969
2023-12-05,381.1947021484375
2023-12-06,378.9898986816406
2023-12-07,384.2852478027344
2023-12-08,385.9978942871094
2023-12-11,389.2951354980469
2023-12-12,392.39556884765625
2023-12-13,397.3857421875
2023-12-14,397.0412902832031
2023-12-15,398.9606018066406
2023-12-18,401.4735107421875
2023-12-19,403.52490234375
2023-12-20,397.5285949707031
2023-12-21,402.1540832519531
2023-12-22,402.7555847167969
2023-12-26,405.22119140625
2023-12-27,406.046142578125
2023-12-28,405.8486633300781
2023-12-29,404.09234619140625
2024-01-02,397.2541809082031
2024-01-03,393.05072021484375
2024-01-04,391.0278625488281
2024-01-05,391.4915771484375
2024-01-08,399.5829162597656
2024-01-09,400.372314453125
2024-01-10,403.0858459472656
2024-01-11,403.9246520996094
2024-01-12,404.1318054199219
2024-01-16,404.09234619140625
2024-01-17,401.8129577636719
2024-01-18,407.516357421875
2024-01-19,415.5978088378906
2024-01-22,416.1405334472656
2024-01-23,417.8673095703125
2024-01-24,420.1861877441406
2024-01-25,420.69927978515625
2024-01-26,418.19293212890625
2024-01-29,422.4754638671875
2024-01-30,419.66314697265625
2024-01-31,411.4436340332031
2024-02-01,416.2885437011719
2024-02-02,423.3240051269531
2024-02-05,422.77142333984375
2024-02-06,421.9228820800781
2024-02-07,426.26446533203125
2024-02-08,427.05389404296875
2024-02-09,431.2574462890625
2024-02-12,429.57012939453125
2024-02-13,422.8701171875
2024-02-14,427.4782409667969
2024-02-15,428.7510986328125
2024-02-16,424.86334228515625
2024-02-20,421.65643310546875
2024-02-21,419.96905517578125
2024-02-22,432.26397705078125
2024-02-23,430.9910583496094
2024-02-26,430.7640380859375
2024-02-27,431.8001708984375
2024-02-28,429.5010681152344
2024-02-29,433.1816711425781
2024-03-01,439.7040100097656
2024-03-04,438.1351013183594
2024-03-05,430.2706604003906
2024-03-06,432.97442626953125
2024-03-07,439.546142578125
2024-03-08,433.2013854980469
2024-03-11,431.5929260253906
2024-03-12,437.77984619140625
2024-03-13,434.4150390625
2024-03-14,433.31976318359375
2024-03-15,428.1689758300781
2024-03-18,432.2525634765625
2024-03-19,433.3295593261719
2024-03-20,438.46734619140625
2024-03-21,440.5423278808594
2024-03-22,441.04620361328125
2024-03-25,439.44561767578125
2024-03-26,438.0228271484375
2024-03-27,439.5147705078125
2024-03-28,438.70452880859375
2024-04-01,439.63330078125
2024-04-02,435.8392028808594
2024-04-03,436.8173522949219
2024-04-04,430.13812255859375
2024-04-05,435.20684814453125
2024-04-08,435.3352966308594
2024-04-09,436.9458312988281
2024-04-10,433.1319274902344
2024-04-11,440.04833984375
2024-04-12,433.0330810546875
2024-04-15,425.9093017578125
2024-04-16,425.9488220214844
2024-04-17,420.7516784667969
2024-04-18,418.3507080078125
2024-04-19,409.6953430175781
2024-04-22,413.8155212402344
2024-04-23,419.9908447265625
2024-04-24,421.4136962890625
2024-04-25,419.3783264160156
2024-04-26,425.8500061035156
2024-04-29,427.5791015625
2024-04-30,419.5165710449219
2024-05-01,416.4832458496094
2024-05-02,421.79901123046875
2024-05-03,430.2765197753906
2024-05-06,434.9894714355469
2024-05-07,435.05865478515625
2024-05-08,434.8017272949219
2024-05-09,435.7502746582031
2024-05-10,436.77783203125
2024-05-13,437.7856750488281
2024-05-14,440.6015930175781
2024-05-15,447.4883728027344
2024-05-16,446.5793151855469
2024-05-17,446.3619689941406
2024-05-20,449.47430419921875
2024-05-21,450.3536682128906
2024-05-22,450.26470947265625
2024-05-23,448.2392883300781
2024-05-24,452.4779968261719
2024-05-28,454.1872863769531
2024-05-29,450.9860534667969
2024-05-30,446.15447998046875
2024-05-31,445.324462890625
2024-06-03,447.715576171875
2024-06-04,448.94073486328125
2024-06-05,457.9913024902344
2024-06-06,457.83319091796875
2024-06-07,457.4281311035156
2024-06-10,459.2757263183594
2024-06-11,462.4276428222656
2024-06-12,468.4844055175781
2024-06-13,471.023681640625
2024-06-14,473.4642333984375
2024-06-17,479.26409912109375
2024-06-18,479.4122619628906
2024-06-20,475.71697998046875
2024-06-21,474.4423522949219
2024-06-24,469.041015625
2024-06-25,474.40478515625
2024-06-26,475.38446044921875
2024-06-27,476.6116027832031
2024-06-28,474.1375427246094
2024-07-01,476.91839599609375
2024-07-02,481.9259033203125
2024-07-03,485.9437255859375
2024-07-05,491.01055908203125
2024-07-08,492.1783447265625
2024-07-09,492.6039123535156
2024-07-10,497.74005126953125
2024-07-11,486.82452392578125
2024-07-12,489.68450927734375
2024-07-15,491.0007629394531
2024-07-16,491.18878173828125
2024-07-17,476.7699279785156
2024-07-18,474.5135803222656
2024-07-19,470.3077087402344
2024-07-22,477.31427001953125
2024-07-23,475.6319274902344
2024-07-24,458.57080078125
2024-07-25,453.51385498046875
2024-07-26,458.1650695800781
2024-07-29,459.0854187011719
2024-07-30,452.7815246582031
2024-07-31,466.1810607910156
2024-08-01,454.889404296875
2024-08-02,444.0926513671875
2024-08-05,430.8515319824219
2024-08-06,434.96832275390625
2024-08-07,430.2577209472656
2024-08-08,443.4197082519531
2024-08-09,445.7354431152344
2024-08-12,446.6953430175781
2024-08-13,457.7790832519531
2024-08-14,457.9275817871094
2024-08-15,469.4962463378906
2024-08-16,470.0998840332031
2024-08-19,476.2751159667969
2024-08-20,475.275634765625
2024-08-21,477.49237060546875
2024-08-22,469.9217834472656
2024-08-23,475.018310546875
2024-08-26,470.40667724609375
2024-08-27,471.8119812011719
2024-08-28,466.45806884765625
2024-08-29,465.7752990722656
2024-08-30,471.3269958496094
2024-09-03,457.0171203613281
2024-09-04,455.8295593261719
2024-09-05,456.2551574707031
2024-09-06,444.03326416015625
2024-09-09,449.743408203125
2024-09-10,453.89984130859375
2024-09-11,463.75640869140625
2024-09-12,468.3087158203125
2024-09-13,470.40667724609375
2024-09-16,468.3284606933594
2024-09-17,468.5758972167969
2024-09-18,466.5471496582031
2024-09-19,478.3434143066406
2024-09-20,477.4329833984375
2024-09-23,478.6985168457031
2024-09-24,481.007568359375
2024-09-25,481.45355224609375
2024-09-26,485.0707702636719
2024-09-27,482.37518310546875
2024-09-30,483.68328857421875
2024-10-01,476.9444274902344
2024-10-02,477.61834716796875
2024-10-03,477.2615051269531
2024-10-04,482.9400634765625
2024-10-07,477.7669677734375
2024-10-08,484.9022521972656
2024-10-09,488.7176208496094
2024-10-10,488.1626892089844
2024-10-11,488.92572021484375
2024-10-14,493.02850341796875
2024-10-15,486.4383239746094
2024-10-16,486.4977722167969
2024-10-17,486.834716796875
2024-10-18,490.02581787109375
2024-10-21,490.96728515625
2024-10-22,491.5023498535156
2024-10-23,483.9706726074219
2024-10-24,487.8951416015625
2024-10-25,490.8681335449219
2024-10-28,490.94744873046875
2024-10-29,495.6646423339844
2024-10-30,491.91864013671875
2024-10-31,479.501220703125
2024-11-01,483.04901123046875
2024-11-04,481.641845703125
2024-11-05,487.78607177734375
2024-11-06,501.03594970703125
2024-11-07,508.9244079589844
2024-11-08,509.51904296875
2024-11-11,509.2217102050781
2024-11-12,508.3000793457031
2024-11-13,507.64599609375
2024-11-14,504.1180114746094
2024-11-15,492.1069641113281
2024-11-18,495.52587890625
2024-11-19,498.9349670410156
2024-11-20,498.6476135253906
2024-11-21,500.44134521484375
2024-11-22,501.2440490722656
2024-11-25,502.0368957519531
2024-11-26,504.7323913574219
2024-11-27,500.7584533691406
2024-11-29,505.15850830078125
2024-12-02,510.6586608886719
2024-12-03,512.2244873046875
2024-12-04,518.5570678710938
2024-12-05,517.1199951171875
2024-12-06,521.7481079101562
2024-12-09,517.6848754882812
2024-12-10,515.9209594726562
2024-12-11,525.1571044921875
2024-12-12,521.767822265625
2024-12-13,525.7616577148438
2024-12-16,533.3329467773438
2024-12-17,530.9843139648438
2024-12-18,511.8280334472656
2024-12-19,509.5487060546875
2024-12-20,513.9984741210938
2024-12-23,519.0060424804688
2024-12-24,526.0436401367188
2024-12-26,525.6864013671875
2024-12-27,518.6983642578125
2024-12-30,511.7997741699219
2024-12-31,507.45208740234375
