Date,IEF,SHY,TLT
2021-12-01,100.62396240234375,74.69959259033203,129.1978759765625
2021-12-02,100.40693664550781,74.60382080078125,129.3589630126953
2021-12-03,100.99716186523438,74.64730834960938,130.90249633789062
2021-12-06,100.4937515258789,74.58638763427734,129.10455322265625
2021-12-07,100.11182403564453,74.49055480957031,128.06141662597656
2021-12-08,99.79068756103516,74.51667785644531,125.84791564941406
2021-12-09,100.04242706298828,74.49055480957031,126.55180358886719
2021-12-10,100.11182403564453,74.52538299560547,126.2465591430664
2021-12-13,100.58920288085938,74.56893157958984,128.11228942871094
2021-12-14,100.41561126708984,74.52538299560547,127.80695343017578
2021-12-15,100.26803588867188,74.55152893066406,126.57727813720703
2021-12-16,100.55999755859375,74.61077117919922,126.6264877319336
2021-12-17,100.78588104248047,74.5759048461914,128.06138610839844
2021-12-20,100.698974609375,74.59332275390625,127.10195922851562
2021-12-21,100.29934692382812,74.54975891113281,126.61797332763672
2021-12-22,100.39492797851562,74.54109191894531,127.20387268066406
2021-12-23,100.18641662597656,74.5323486328125,126.1000747680664
2021-12-27,100.22115325927734,74.50618743896484,126.40572357177734
2021-12-28,100.20378875732422,74.50618743896484,125.90480041503906
2021-12-29,99.69121551513672,74.49749755859375,124.5293197631836
2021-12-30,100.0213623046875,74.54109191894531,125.57369232177734
2021-12-31,99.90839385986328,74.5323486328125,125.81995391845703
2022-01-03,98.97879028320312,74.4452133178711,122.51713562011719
2022-01-04,98.92668151855469,74.48877716064453,122.0076904296875
2022-01-05,98.50970458984375,74.3929214477539,121.3454360961914
2022-01-06,98.26644134521484,74.33196258544922,121.65959930419922
2022-01-07,97.94497680664062,74.31452178955078,120.7850570678711
2022-01-10,97.91895294189453,74.27096557617188,121.0822525024414
2022-01-11,98.1534652709961,74.29707336425781,121.88882446289062
2022-01-12,98.17086791992188,74.27096557617188,121.42185974121094
2022-01-13,98.483642578125,74.3058090209961,122.50016784667969
2022-01-14,97.80598449707031,74.20995330810547,120.64924621582031
2022-01-18,97.06752014160156,74.09671783447266,118.95115661621094
2022-01-19,97.30207824707031,74.13155364990234,119.77472686767578
2022-01-20,97.5106201171875,74.11412811279297,120.5134506225586
2022-01-21,98.07532501220703,74.17514038085938,121.9482421875
2022-01-24,97.98844146728516,74.21866607666016,120.94639587402344
2022-01-25,97.85810089111328,74.183837890625,120.7510757446289
2022-01-26,97.16307830810547,74.0531234741211,119.2907943725586
2022-01-27,97.57141876220703,73.99215698242188,121.48126220703125
2022-01-28,97.79730987548828,74.01829528808594,121.52374267578125
2022-01-31,97.79730987548828,74.01829528808594,120.89543914794922
2022-02-01,97.66513061523438,74.0121841430664,120.494140625
2022-02-02,97.86510467529297,74.02959442138672,120.9022216796875
2022-02-03,97.44770050048828,73.96862030029297,119.9584732055664
2022-02-04,96.69986724853516,73.82042694091797,118.19002532958984
2022-02-07,96.7259521484375,73.83785247802734,118.26653289794922
2022-02-08,96.41289520263672,73.75945281982422,117.47579956054688
2022-02-09,96.54331970214844,73.7507095336914,117.6968994140625
2022-02-10,95.65634155273438,73.37596130371094,115.82637786865234
2022-02-11,96.6476821899414,73.60257720947266,117.54387664794922
2022-02-14,95.97810363769531,73.44564056396484,116.08148956298828
2022-02-15,95.69112396240234,73.47183227539062,114.76359558105469
2022-02-16,95.89109802246094,73.56765747070312,115.44383239746094
2022-02-17,96.40421295166016,73.61125946044922,116.30252838134766
2022-02-18,96.71724700927734,73.61996459960938,117.52684783935547
2022-02-22,96.70853424072266,73.5502700805664,117.83287811279297
2022-02-23,96.20417022705078,73.50666809082031,116.2090072631836
2022-02-24,96.4302749633789,73.56765747070312,116.28551483154297
2022-02-25,96.40421295166016,73.56765747070312,116.37049865722656
2022-02-28,97.49990844726562,73.69840240478516,118.92123413085938
2022-03-01,98.44949340820312,73.86842346191406,120.29613494873047
2022-03-02,96.96981811523438,73.62432861328125,116.18412017822266
2022-03-03,97.38760375976562,73.62432861328125,117.3675308227539
2022-03-04,98.35374450683594,73.70277404785156,119.39374542236328
2022-03-07,97.93595123291016,73.60686492919922,118.48275756835938
2022-03-08,97.30058288574219,73.5109634399414,117.2908935546875
2022-03-09,96.70001983642578,73.4673843383789,116.14156341552734
2022-03-10,96.25609588623047,73.40632629394531,114.472900390625
2022-03-11,96.2300033569336,73.38018035888672,114.85601043701172
2022-03-14,95.01145935058594,73.18839263916016,112.17423248291016
2022-03-15,94.96792602539062,73.21456909179688,111.97844696044922
2022-03-16,94.83737182617188,73.14482116699219,113.07670593261719
2022-03-17,94.65458679199219,73.11865234375,112.23385620117188
2022-03-18,94.93314361572266,73.10124969482422,113.60456848144531
2022-03-21,93.69718170166016,72.85712432861328,110.97383880615234
2022-03-22,93.18363189697266,72.8048095703125,109.55207824707031
2022-03-23,93.81031036376953,72.8658218383789,111.95289611816406
2022-03-24,93.28809356689453,72.84840393066406,111.07598114013672
2022-03-25,92.33067321777344,72.64788055419922,109.53507995605469
2022-03-28,92.53956604003906,72.57815551757812,110.47154235839844
2022-03-29,93.00088500976562,72.61304473876953,111.30587768554688
2022-03-30,93.36640167236328,72.66531372070312,112.17423248291016
2022-03-31,93.54048156738281,72.66531372070312,112.44666290283203
2022-04-01,92.9313735961914,72.5135726928711,112.8747329711914
2022-04-04,92.87043762207031,72.55716705322266,112.09028625488281
2022-04-05,91.76380920410156,72.42633056640625,109.55790710449219
2022-04-06,91.44139099121094,72.47868347167969,108.67112731933594
2022-04-07,91.21480560302734,72.531005859375,107.85258483886719
2022-04-08,90.75299835205078,72.44376373291016,106.68445587158203
2022-04-11,90.31732177734375,72.46122741699219,104.99618530273438
2022-04-12,90.75299835205078,72.64441680908203,104.85122680664062
2022-04-13,90.95340728759766,72.67925262451172,105.06440734863281
2022-04-14,90.13431549072266,72.54845428466797,102.95832061767578
2022-04-18,89.87290954589844,72.54845428466797,102.44673156738281
2022-04-19,89.28038787841797,72.38272857666016,101.67935180664062
2022-04-20,89.97745513916016,72.42633056640625,103.7257080078125
2022-04-21,89.48079681396484,72.30423736572266,102.95832061767578
2022-04-22,89.52434539794922,72.28677368164062,102.31031036376953
2022-04-25,90.0994644165039,72.40017700195312,103.33349609375
2022-04-26,90.70069885253906,72.531005859375,104.37374877929688
2022-04-27,90.19529724121094,72.49609375,103.03506469726562
2022-04-28,90.06461334228516,72.44376373291016,103.18853759765625
2022-04-29,89.5853500366211,72.30423736572266,101.84986114501953
2022-05-02,88.91796875,72.29899597167969,100.08443450927734
2022-05-03,89.02262115478516,72.26407623291016,100.7591552734375
2022-05-04,89.59846496582031,72.4560775756836,101.31434631347656
2022-05-05,88.69982147216797,72.33390808105469,98.53849029541016
2022-05-06,88.19383239746094,72.32516479492188,97.08650970458984
2022-05-09,88.8481674194336,72.5084228515625,97.94060516357422
2022-05-10,89.14480590820312,72.46480560302734,98.82886505126953
2022-05-11,89.69438934326172,72.4735336303711,100.73355865478516
2022-05-12,89.99103546142578,72.5782470703125,100.5456314086914
2022-05-13,89.51990509033203,72.55205535888672,99.05950164794922
2022-05-16,89.89509582519531,72.595703125,98.95700073242188
2022-05-17,89.2145767211914,72.4386215209961,97.76123046875
2022-05-18,89.8514633178711,72.4735336303711,99.84524536132812
2022-05-19,90.17426300048828,72.5782470703125,100.08443450927734
2022-05-20,90.59300231933594,72.63059997558594,101.22037506103516
2022-05-23,90.04338836669922,72.595703125,99.55490112304688
2022-05-24,90.81982421875,72.76148986816406,101.51933288574219
2022-05-25,91.00306701660156,72.81385040283203,101.92076873779297
2022-05-26,90.95944213867188,72.83131408691406,101.45954895019531
2022-05-27,91.09029388427734,72.8487548828125,101.70724487304688
2022-05-31,90.13935852050781,72.73530578613281,99.55490112304688
2022-06-01,89.6318130493164,72.59994506835938,99.44107055664062
2022-06-02,89.76287078857422,72.61742401123047,99.4924087524414
2022-06-03,89.58814239501953,72.59121704101562,99.27849578857422
2022-06-06,88.91554260253906,72.4951400756836,97.44745635986328
2022-06-07,89.27371215820312,72.50389099121094,98.49988555908203
2022-06-08,88.94174194335938,72.45150756835938,97.62713623046875
2022-06-09,88.8631362915039,72.39911651611328,97.9522933959961
2022-06-10,87.9896469116211,72.09344482421875,97.34479522705078
2022-06-13,86.426025390625,71.72661590576172,94.29016876220703
2022-06-14,85.7359390258789,71.58690643310547,93.10088348388672
2022-06-15,86.93265533447266,71.86637115478516,94.83778381347656
2022-06-16,87.50045776367188,71.96240997314453,95.59076690673828
2022-06-17,87.52662658691406,71.9449691772461,95.89878845214844
2022-06-21,87.07243347167969,71.91874694824219,94.2730712890625
2022-06-22,88.17306518554688,72.12836456298828,96.86564636230469
2022-06-23,88.67095947265625,72.18951416015625,97.6613998413086
2022-06-24,88.35649108886719,72.17204284667969,96.3094711303711
2022-06-27,87.85857391357422,72.09344482421875,95.48807525634766
2022-06-28,87.9721450805664,72.07595825195312,95.9330062866211
2022-06-29,88.67967987060547,72.16326904296875,97.43034362792969
2022-06-30,89.36103057861328,72.30303192138672,98.2859878540039
2022-07-01,90.31900787353516,72.52068328857422,99.29507446289062
2022-07-05,90.65145111083984,72.51195526123047,100.0751953125
2022-07-06,89.88157653808594,72.31089782714844,98.39483642578125
2022-07-07,89.33040618896484,72.25846099853516,97.52896118164062
2022-07-08,88.78804779052734,72.1710205078125,96.44873809814453
2022-07-11,89.4878921508789,72.1972427368164,98.11194610595703
2022-07-12,89.69786071777344,72.23221588134766,98.6949234008789
2022-07-13,90.0827865600586,72.15353393554688,99.82659149169922
2022-07-14,89.58415222167969,72.1273193359375,99.01211547851562
2022-07-15,89.89032745361328,72.17974853515625,99.56940460205078
2022-07-18,89.62786102294922,72.13606262207031,98.53204345703125
2022-07-19,89.21670532226562,72.05736541748047,98.00050354003906
2022-07-20,89.12924194335938,72.04861450195312,98.25767517089844
2022-07-21,90.14402770996094,72.24971008300781,99.9551773071289
2022-07-22,91.1763687133789,72.43324279785156,101.63554382324219
2022-07-25,90.85263061523438,72.37207794189453,100.64103698730469
2022-07-26,90.88764190673828,72.3371353149414,100.71820068359375
2022-07-27,91.07135772705078,72.45073699951172,100.15238952636719
2022-07-28,91.97245025634766,72.60808563232422,100.94966125488281
2022-07-29,92.00745391845703,72.5993881225586,100.67534637451172
2022-08-01,92.5455551147461,72.59761047363281,103.0999526977539
2022-08-02,91.26605224609375,72.34384155273438,100.91838836669922
2022-08-03,91.64289093017578,72.3700942993164,102.50733184814453
2022-08-04,92.10736083984375,72.46636962890625,102.47297668457031
2022-08-05,90.7752914428711,72.16883850097656,100.03376770019531
2022-08-08,91.30985260009766,72.23884582519531,101.6484375
2022-08-09,91.03819274902344,72.16883850097656,101.25334167480469
2022-08-10,91.09075164794922,72.23884582519531,100.59202575683594
2022-08-11,90.48605346679688,72.21256256103516,98.24728393554688
2022-08-12,90.84535217285156,72.23006439208984,99.24356842041016
2022-08-15,91.13456726074219,72.29132843017578,99.1576919555664
2022-08-16,91.02941131591797,72.23006439208984,99.56996154785156
2022-08-17,90.41593170166016,72.16883850097656,98.53069305419922
2022-08-18,90.59119415283203,72.27381134033203,98.6767349243164
2022-08-19,89.81123352050781,72.22132110595703,97.08780670166016
2022-08-22,89.41688537597656,72.12503814697266,96.76144409179688
2022-08-23,89.1977767944336,72.16007232666016,96.22891235351562
2022-08-24,88.89981079101562,72.08131408691406,95.52462005615234
2022-08-25,89.46947479248047,72.12503814697266,96.85590362548828
2022-08-26,89.36430358886719,72.10755157470703,97.58594512939453
2022-08-29,88.85599517822266,72.05503845214844,96.77859497070312
2022-08-30,88.82971954345703,72.02005767822266,97.01908111572266
2022-08-31,88.46163177490234,72.01131439208984,96.09146118164062
2022-09-01,87.75836944580078,71.95874786376953,94.3322525024414
2022-09-02,88.25004577636719,72.11643981933594,94.86585235595703
2022-09-06,87.2667236328125,71.95874786376953,92.51614379882812
2022-09-07,87.83740997314453,72.0638656616211,93.97933959960938
2022-09-08,87.51256561279297,71.97624206542969,93.015380859375
2022-09-09,87.52135467529297,71.91490936279297,93.22190856933594
2022-09-12,87.31065368652344,71.90613555908203,92.45590209960938
2022-09-13,86.81900787353516,71.66083526611328,92.67107391357422
2022-09-14,86.8628921508789,71.59952545166016,92.98955535888672
2022-09-15,86.5644302368164,71.52066040039062,92.9292984008789
2022-09-16,86.63465881347656,71.55570983886719,92.15467071533203
2022-09-19,86.38880920410156,71.4768295288086,92.36984252929688
2022-09-20,85.85326385498047,71.44180297851562,91.44890594482422
2022-09-21,86.19571685791016,71.3804931640625,92.98092651367188
2022-09-22,84.89632415771484,71.24906158447266,90.60543060302734
2022-09-23,85.0016860961914,71.16142272949219,90.97552490234375
2022-09-26,83.58821868896484,71.00372314453125,89.23692321777344
2022-09-27,83.01756286621094,71.00372314453125,86.8872299194336
2022-09-28,84.8875732421875,71.3104019165039,89.79637908935547
2022-09-29,84.49248504638672,71.2139892578125,89.33158874511719
2022-09-30,84.27299499511719,71.15267944335938,88.17825317382812
2022-10-03,85.27316284179688,71.30882263183594,89.5793685913086
2022-10-04,85.44908142089844,71.33515167236328,89.32917785644531
2022-10-05,84.63980102539062,71.26496887207031,88.4750747680664
2022-10-06,84.1736068725586,71.17726135253906,87.98330688476562
2022-10-07,83.76014709472656,71.08952331542969,87.129150390625
2022-10-10,83.26757049560547,71.06317138671875,85.7746353149414
2022-10-11,83.47868347167969,71.09830474853516,86.15424346923828
2022-10-12,83.75135803222656,71.16849517822266,86.57698059082031
2022-10-13,83.39948272705078,70.95790100097656,85.74876403808594
2022-10-14,82.93329620361328,70.92283630371094,85.04132080078125
2022-10-17,83.02124786376953,71.00177001953125,84.6271743774414
2022-10-18,83.23236846923828,71.03687286376953,84.82562255859375
2022-10-19,82.36150360107422,70.9052734375,83.2812728881836
2022-10-20,81.74577331542969,70.82630920410156,81.85774230957031
2022-10-21,81.93046569824219,71.01055145263672,80.3824462890625
2022-10-24,81.8249282836914,70.99298858642578,79.7181396484375
2022-10-25,82.8453140258789,71.06317138671875,82.0389175415039
2022-10-26,83.26757049560547,71.1246109008789,83.22088623046875
2022-10-27,83.85690307617188,71.27373504638672,84.09225463867188
2022-10-28,83.42591857910156,71.16849517822266,83.51424407958984
2022-10-31,83.04764556884766,71.06317138671875,82.91893005371094
2022-11-01,83.03266906738281,70.99375915527344,83.69384002685547
2022-11-02,82.89160919189453,70.9586181640625,83.33060455322266
2022-11-03,82.53016662597656,70.8267593383789,82.88087463378906
2022-11-04,82.35385131835938,70.90585327148438,81.48841857910156
2022-11-07,82.06298828125,70.8443603515625,80.67545318603516
2022-11-08,82.60953521728516,70.91466522216797,81.55762481689453
2022-11-09,82.89160919189453,71.02890014648438,81.82572174072266
2022-11-10,84.75166320800781,71.41560363769531,84.97389221191406
2022-11-11,84.57537078857422,71.39803314208984,84.66253662109375
2022-11-14,84.37258911132812,71.33650207519531,84.4549331665039
2022-11-15,84.99848937988281,71.40677642822266,85.82148742675781
2022-11-16,85.62438201904297,71.41560363769531,87.69822692871094
2022-11-17,85.0425796508789,71.32772827148438,86.77281188964844
2022-11-18,84.74283599853516,71.24864196777344,86.17607879638672
2022-11-21,84.68994903564453,71.2310562133789,86.539306640625
2022-11-22,85.1748275756836,71.28376770019531,87.76740264892578
2022-11-23,85.63322448730469,71.34529113769531,89.2982406616211
2022-11-25,85.60677337646484,71.35408782958984,88.99555969238281
2022-11-28,85.64202880859375,71.37165832519531,89.2463607788086
2022-11-29,85.28058624267578,71.34529113769531,88.1998519897461
2022-11-30,86.04756164550781,71.55621337890625,88.84850311279297
2022-12-01,86.98737335205078,71.71031951904297,91.68685913085938
2022-12-02,87.16405487060547,71.69271087646484,92.8398666381836
2022-12-05,86.28073120117188,71.49015045166016,91.53946685791016
2022-12-06,86.81068420410156,71.5694351196289,92.71851348876953
2022-12-07,87.57036590576172,71.71914672851562,94.90318298339844
2022-12-08,87.07569885253906,71.64868927001953,94.64308166503906
2022-12-09,86.43090057373047,71.61346435546875,92.1810073852539
2022-12-12,86.30724334716797,71.5694351196289,92.47574615478516
2022-12-13,87.08453369140625,71.78079986572266,93.36866760253906
2022-12-14,87.322998046875,71.78958892822266,93.76750946044922
2022-12-15,87.49292755126953,71.79928588867188,94.13335418701172
2022-12-16,87.27168273925781,71.8698959350586,93.08184051513672
2022-12-19,86.56365966796875,71.78164672851562,91.51756286621094
2022-12-20,85.93531799316406,71.78164672851562,89.89248657226562
2022-12-21,86.04151916503906,71.85224151611328,90.11842346191406
2022-12-22,86.01498413085938,71.8081283569336,90.10104370117188
2022-12-23,85.62557220458984,71.7728271484375,88.78011322021484
2022-12-27,84.90869140625,71.67572021484375,87.02467346191406
2022-12-28,84.70515441894531,71.67572021484375,86.51195526123047
2022-12-29,85.12110900878906,71.72867584228516,87.49396514892578
2022-12-30,84.76708221435547,71.64044952392578,86.52067565917969
2023-01-03,85.43084716796875,71.70221710205078,88.17181396484375
2023-01-04,86.08576202392578,71.7728271484375,89.37977600097656
2023-01-05,85.96187591552734,71.67572021484375,89.75344848632812
2023-01-06,87.06813049316406,71.9493408203125,91.40459442138672
2023-01-09,87.28939819335938,72.01995086669922,91.89127349853516
