Date,^FVX,^IRX,^TNX,^TYX
2021-12-01,1.1549999713897705,0.05000000074505806,1.434000015258789,1.777999997138977
2021-12-02,1.2079999446868896,0.0430000014603138,1.4479999542236328,1.7690000534057617
2021-12-03,1.1239999532699585,0.0430000014603138,1.343000054359436,1.6779999732971191
2021-12-06,1.2130000591278076,0.0430000014603138,1.434000015258789,1.7569999694824219
2021-12-07,1.2569999694824219,0.057999998331069946,1.4800000190734863,1.7960000038146973
2021-12-08,1.2610000371932983,0.05999999865889549,1.5089999437332153,1.875
2021-12-09,1.2569999694824219,0.05299999937415123,1.4869999885559082,1.8660000562667847
2021-12-10,1.2519999742507935,0.05000000074505806,1.4889999628067017,1.8839999437332153
2021-12-13,1.2130000591278076,0.0430000014603138,1.4240000247955322,1.812000036239624
2021-12-14,1.2339999675750732,0.04800000041723251,1.437999963760376,1.8179999589920044
2021-12-15,1.2610000371932983,0.04500000178813934,1.4630000591278076,1.8550000190734863
2021-12-16,1.1729999780654907,0.03500000014901161,1.4220000505447388,1.8609999418258667
2021-12-17,1.1770000457763672,0.029999999329447746,1.4019999504089355,1.8179999589920044
2021-12-20,1.1640000343322754,0.03799999877810478,1.4190000295639038,1.8489999771118164
2021-12-21,1.2350000143051147,0.06499999761581421,1.4869999885559082,1.8969999551773071
2021-12-22,1.222000002861023,0.06499999761581421,1.4570000171661377,1.8569999933242798
2021-12-23,1.2430000305175781,0.057999998331069946,1.4930000305175781,1.9049999713897705
2021-12-27,1.2519999742507935,0.0430000014603138,1.4809999465942383,1.8860000371932983
2021-12-28,1.2450000047683716,0.05000000074505806,1.4809999465942383,1.902999997138977
2021-12-29,1.2940000295639038,0.04500000178813934,1.5429999828338623,1.9529999494552612
2021-12-30,1.2740000486373901,0.02500000037252903,1.5149999856948853,1.9249999523162842
2021-12-31,1.2630000114440918,0.032999999821186066,1.5119999647140503,1.9049999713897705
2022-01-03,1.3650000095367432,0.05299999937415123,1.628000020980835,2.0160000324249268
2022-01-04,1.375,0.07999999821186066,1.6679999828338623,2.0769999027252197
2022-01-05,1.4329999685287476,0.08500000089406967,1.7050000429153442,2.0880000591278076
2022-01-06,1.4769999980926514,0.09000000357627869,1.7330000400543213,2.0929999351501465
2022-01-07,1.5049999952316284,0.08799999952316284,1.7710000276565552,2.118000030517578
2022-01-10,1.5379999876022339,0.09000000357627869,1.7799999713897705,2.109999895095825
2022-01-11,1.5069999694824219,0.11800000071525574,1.746000051498413,2.072999954223633
2022-01-12,1.4930000305175781,0.11500000208616257,1.725000023841858,2.0739998817443848
2022-01-13,1.4809999465942383,0.10999999940395355,1.7109999656677246,2.055000066757202
2022-01-14,1.5479999780654907,0.11800000071525574,1.7719999551773071,2.114000082015991
2022-01-18,1.6480000019073486,0.12999999523162842,1.8650000095367432,2.184000015258789
2022-01-19,1.6109999418258667,0.16500000655651093,1.8270000219345093,2.138000011444092
2022-01-20,1.6180000305175781,0.1679999977350235,1.8329999446868896,2.140000104904175
2022-01-21,1.5470000505447388,0.15800000727176666,1.746999979019165,2.063999891281128
2022-01-24,1.5140000581741333,0.1550000011920929,1.7350000143051147,2.0829999446868896
2022-01-25,1.565999984741211,0.1850000023841858,1.7829999923706055,2.128999948501587
2022-01-26,1.649999976158142,0.17800000309944153,1.8480000495910645,2.1670000553131104
2022-01-27,1.6619999408721924,0.1850000023841858,1.8070000410079956,2.0910000801086426
2022-01-28,1.6239999532699585,0.17299999296665192,1.781999945640564,2.0829999446868896
2022-01-31,1.6139999628067017,0.17299999296665192,1.781999945640564,2.0980000495910645
2022-02-01,1.6239999532699585,0.2029999941587448,1.7999999523162842,2.124000072479248
2022-02-02,1.600000023841858,0.1850000023841858,1.7660000324249268,2.0940001010894775
2022-02-03,1.6610000133514404,0.19300000369548798,1.8270000219345093,2.1449999809265137
2022-02-04,1.7879999876022339,0.22300000488758087,1.9299999475479126,2.2330000400543213
2022-02-07,1.7649999856948853,0.2029999941587448,1.9160000085830688,2.2179999351501465
2022-02-08,1.8079999685287476,0.2750000059604645,1.9539999961853027,2.250999927520752
2022-02-09,1.8020000457763672,0.27000001072883606,1.9290000200271606,2.2320001125335693
2022-02-10,1.944000005722046,0.3700000047683716,2.0309998989105225,2.309000015258789
2022-02-11,1.8680000305175781,0.33799999952316284,1.9550000429153442,2.256999969482422
2022-02-14,1.9179999828338623,0.36000001430511475,1.996000051498413,2.3010001182556152
2022-02-15,1.934999942779541,0.4000000059604645,2.0450000762939453,2.361999988555908
2022-02-16,1.9199999570846558,0.37299999594688416,2.046999931335449,2.365000009536743
2022-02-17,1.8480000495910645,0.3449999988079071,1.972000002861023,2.312000036239624
2022-02-18,1.8240000009536743,0.3179999887943268,1.9320000410079956,2.250999927520752
2022-02-22,1.8660000562667847,0.33000001311302185,1.9479999542236328,2.253000020980835
2022-02-23,1.8930000066757202,0.3400000035762787,1.9769999980926514,2.2750000953674316
2022-02-24,1.850000023841858,0.28299999237060547,1.968999981880188,2.2929999828338623
2022-02-25,1.8849999904632568,0.2980000078678131,1.9859999418258667,2.2960000038146973
2022-02-28,1.7209999561309814,0.2879999876022339,1.8389999866485596,2.181999921798706
2022-03-01,1.5490000247955322,0.31299999356269836,1.7070000171661377,2.1040000915527344
2022-03-02,1.7519999742507935,0.32499998807907104,1.8650000095367432,2.2330000400543213
2022-03-03,1.7369999885559082,0.33500000834465027,1.843999981880188,2.2269999980926514
2022-03-04,1.63100004196167,0.3050000071525574,1.7239999771118164,2.1510000228881836
2022-03-07,1.690999984741211,0.3050000071525574,1.7510000467300415,2.1519999504089355
2022-03-08,1.805999994277954,0.36000001430511475,1.871999979019165,2.24399995803833
2022-03-09,1.8799999952316284,0.3700000047683716,1.9479999542236328,2.302000045776367
2022-03-10,1.940999984741211,0.36000001430511475,2.010999917984009,2.3940000534057617
2022-03-11,1.9600000381469727,0.36500000953674316,2.003999948501587,2.364000082015991
2022-03-14,2.0920000076293945,0.3779999911785126,2.140000104904175,2.4760000705718994
2022-03-15,2.114000082015991,0.4480000138282776,2.1600000858306885,2.505000114440918
2022-03-16,2.197999954223633,0.43299999833106995,2.187999963760376,2.4590001106262207
2022-03-17,2.1679999828338623,0.36000001430511475,2.191999912261963,2.484999895095825
2022-03-18,2.1429998874664307,0.382999986410141,2.1480000019073486,2.4179999828338623
2022-03-21,2.3399999141693115,0.45500001311302185,2.315000057220459,2.5339999198913574
2022-03-22,2.385999917984009,0.5199999809265137,2.372999906539917,2.5929999351501465
2022-03-23,2.3399999141693115,0.47999998927116394,2.321000099182129,2.5190000534057617
2022-03-24,2.372999906539917,0.4830000102519989,2.3410000801086426,2.510999917984009
2022-03-25,2.572999954223633,0.5199999809265137,2.492000102996826,2.6029999256134033
2022-03-28,2.565000057220459,0.5080000162124634,2.4769999980926514,2.572999954223633
2022-03-29,2.484999895095825,0.5550000071525574,2.4000000953674316,2.5239999294281006
2022-03-30,2.447999954223633,0.5249999761581421,2.3580000400543213,2.4800000190734863
2022-03-31,2.421999931335449,0.49300000071525574,2.3269999027252197,2.447999954223633
2022-04-01,2.5490000247955322,0.5,2.377000093460083,2.4240000247955322
2022-04-04,2.555000066757202,0.5379999876022339,2.4119999408721924,2.4739999771118164
2022-04-05,2.696000099182129,0.6679999828338623,2.555999994277954,2.5840001106262207
2022-04-06,2.7019999027252197,0.6629999876022339,2.6089999675750732,2.631999969482422
2022-04-07,2.690999984741211,0.6600000262260437,2.6519999504089355,2.687000036239624
2022-04-08,2.75600004196167,0.6679999828338623,2.7130000591278076,2.746000051498413
2022-04-11,2.7850000858306885,0.6800000071525574,2.7799999713897705,2.819999933242798
2022-04-12,2.6760001182556152,0.7379999756813049,2.7249999046325684,2.8259999752044678
2022-04-13,2.6419999599456787,0.7400000095367432,2.687000036239624,2.7939999103546143
2022-04-14,2.7860000133514404,0.7480000257492065,2.828000068664551,2.9189999103546143
2022-04-18,2.7960000038146973,0.7549999952316284,2.861999988555908,2.953000068664551
2022-04-19,2.8889999389648438,0.8330000042915344,2.9130001068115234,2.990000009536743
2022-04-20,2.859999895095825,0.7950000166893005,2.8399999141693115,2.878999948501587
2022-04-21,2.9790000915527344,0.800000011920929,2.9170000553131104,2.933000087738037
2022-04-22,2.9489998817443848,0.7799999713897705,2.9059998989105225,2.944000005722046
2022-04-25,2.8589999675750732,0.7979999780654907,2.8259999752044678,2.8940000534057617
2022-04-26,2.796999931335449,0.8330000042915344,2.7720000743865967,2.86899995803833
2022-04-27,2.815000057220459,0.8080000281333923,2.818000078201294,2.9079999923706055
2022-04-28,2.880000114440918,0.7850000262260437,2.86299991607666,2.928999900817871
2022-04-29,2.9119999408721924,0.8080000281333923,2.88700008392334,2.947000026702881
2022-05-02,3.009999990463257,0.7649999856948853,2.996000051498413,3.061000108718872
2022-05-03,3.003000020980835,0.8949999809265137,2.9600000381469727,3.00600004196167
2022-05-04,2.8959999084472656,0.8330000042915344,2.9170000553131104,3.003000020980835
2022-05-05,3.0239999294281006,0.8029999732971191,3.065999984741211,3.1600000858306885
2022-05-06,3.0429999828338623,0.8149999976158142,3.122999906539917,3.2209999561309814
2022-05-09,2.9830000400543213,0.800000011920929,3.0789999961853027,3.2079999446868896
2022-05-10,2.9179999828338623,0.878000020980835,2.993000030517578,3.130000114440918
2022-05-11,2.878999948501587,0.8830000162124634,2.9210000038146973,3.0439999103546143
2022-05-12,2.7820000648498535,0.9049999713897705,2.816999912261963,2.984999895095825
2022-05-13,2.888000011444092,0.9430000185966492,2.934999942779541,3.0929999351501465
2022-05-16,2.819999933242798,0.9800000190734863,2.877000093460083,3.0840001106262207
2022-05-17,2.946000099182129,1.0379999876022339,2.9679999351501465,3.1619999408721924
2022-05-18,2.8910000324249268,1.003000020980835,2.885999917984009,3.072000026702881
2022-05-19,2.8469998836517334,1.0,2.8550000190734863,3.065999984741211
2022-05-20,2.805999994277954,0.9779999852180481,2.7869999408721924,2.996000051498413
2022-05-23,2.875,0.9929999709129333,2.8589999675750732,3.065000057220459
2022-05-24,2.756999969482422,1.0429999828338623,2.759999990463257,2.9730000495910645
2022-05-25,2.7209999561309814,1.0449999570846558,2.749000072479248,2.9649999141693115
2022-05-26,2.7160000801086426,1.027999997138977,2.75600004196167,2.990999937057495
2022-05-27,2.7239999771118164,1.024999976158142,2.743000030517578,2.9719998836517334
2022-05-31,2.811000108718872,1.0299999713897705,2.8440001010894775,3.056999921798706
2022-06-01,2.937999963760376,1.1030000448226929,2.930999994277954,3.0759999752044678
2022-06-02,2.9089999198913574,1.1130000352859497,2.9130001068115234,3.0759999752044678
2022-06-03,2.9509999752044678,1.1349999904632568,2.9570000171661377,3.114000082015991
2022-06-06,3.0350000858306885,1.159999966621399,3.0380001068115234,3.190999984741211
2022-06-07,2.9839999675750732,1.225000023841858,2.9719998836517334,3.122999906539917
2022-06-08,3.0320000648498535,1.2330000400543213,3.0290000438690186,3.177000045776367
2022-06-09,3.062999963760376,1.2380000352859497,3.0439999103546143,3.1710000038146973
2022-06-10,3.25,1.2879999876022339,3.1559998989105225,3.196000099182129
2022-06-13,3.4749999046325684,1.4980000257492065,3.365999937057495,3.367000102996826
2022-06-14,3.5959999561309814,1.7430000305175781,3.4830000400543213,3.431999921798706
2022-06-15,3.4719998836517334,1.6950000524520874,3.3949999809265137,3.4130001068115234
2022-06-16,3.377000093460083,1.4830000400543213,3.306999921798706,3.361999988555908
2022-06-17,3.3399999141693115,1.5099999904632568,3.239000082015991,3.2939999103546143
2022-06-21,3.378999948501587,1.4880000352859497,3.306999921798706,3.390000104904175
2022-06-22,3.2269999980926514,1.5449999570846558,3.1559998989105225,3.243000030517578
2022-06-23,3.132999897003174,1.559999942779541,3.068000078201294,3.178999900817871
2022-06-24,3.174999952316284,1.5980000495910645,3.125,3.256999969482422
2022-06-27,3.257999897003174,1.6330000162124634,3.194000005722046,3.305000066757202
2022-06-28,3.259999990463257,1.7380000352859497,3.2060000896453857,3.309999942779541
2022-06-29,3.1510000228881836,1.7050000429153442,3.0929999351501465,3.2119998931884766
2022-06-30,3.003999948501587,1.600000023841858,2.9719998836517334,3.11899995803833
2022-07-01,2.884000062942505,1.6030000448226929,2.8889999389648438,3.115999937057495
2022-07-05,2.815000057220459,1.6299999952316284,2.809000015258789,3.0320000648498535
2022-07-06,2.9509999752044678,1.840000033378601,2.9130001068115234,3.11899995803833
2022-07-07,3.053999900817871,1.8530000448226929,3.007999897003174,3.194000005722046
2022-07-08,3.1419999599456787,1.843000054359436,3.1010000705718994,3.2690000534057617
2022-07-11,3.049999952316284,1.9529999494552612,2.990999937057495,3.180000066757202
2022-07-12,3.0160000324249268,2.11299991607666,2.9579999446868896,3.13700008392334
2022-07-13,3.0190000534057617,2.322999954223633,2.9040000438690186,3.069000005722046
2022-07-14,3.062999963760376,2.2730000019073486,2.9600000381469727,3.1040000915527344
2022-07-15,3.0510001182556152,2.240000009536743,2.930000066757202,3.0940001010894775
2022-07-18,3.069999933242798,2.259999990463257,2.9600000381469727,3.134999990463257
2022-07-19,3.1500000953674316,2.450000047683716,3.0190000534057617,3.178999900817871
2022-07-20,3.177999973297119,2.378000020980835,3.0360000133514404,3.1700000762939453
2022-07-21,3.009999990463257,2.359999895095825,2.9100000858306885,3.072999954223633
2022-07-22,2.872999906539917,2.3550000190734863,2.7829999923706055,2.997999906539917
2022-07-25,2.9000000953674316,2.3929998874664307,2.819999933242798,3.0490000247955322
2022-07-26,2.884999990463257,2.4749999046325684,2.7869999408721924,3.009000062942505
2022-07-27,2.796999931335449,2.382999897003174,2.7339999675750732,3.002000093460083
2022-07-28,2.703000068664551,2.308000087738037,2.680999994277954,3.0390000343322754
2022-07-29,2.694999933242798,2.2980000972747803,2.6419999599456787,2.9739999771118164
2022-08-01,2.6679999828338623,2.265000104904175,2.6059999465942383,2.924999952316284
2022-08-02,2.861999988555908,2.4630000591278076,2.740999937057495,2.984999895095825
2022-08-03,2.871999979019165,2.427999973297119,2.747999906539917,2.9769999980926514
2022-08-04,2.7739999294281006,2.378000020980835,2.6760001182556152,2.9609999656677246
2022-08-05,2.9760000705718994,2.4100000858306885,2.8399999141693115,3.065000057220459
2022-08-08,2.9110000133514404,2.4600000381469727,2.765000104904175,2.997999906539917
2022-08-09,2.9800000190734863,2.569999933242798,2.796999931335449,3.005000114440918
2022-08-10,2.9230000972747803,2.5350000858306885,2.7860000133514404,3.0420000553131104
2022-08-11,2.98799991607666,2.490000009536743,2.888000011444092,3.1730000972747803
2022-08-12,2.9769999980926514,2.5,2.8489999771118164,3.118000030517578
2022-08-15,2.9130001068115234,2.513000011444092,2.7909998893737793,3.0959999561309814
2022-08-16,2.9579999446868896,2.5980000495910645,2.8239998817443848,3.11299991607666
2022-08-17,3.0480000972747803,2.568000078201294,2.8929998874664307,3.1459999084472656
2022-08-18,3.0309998989105225,2.565000057220459,2.880000114440918,3.1389999389648438
2022-08-19,3.115999937057495,2.5799999237060547,2.989000082015991,3.2249999046325684
2022-08-22,3.178999900817871,2.6480000019073486,3.0369999408721924,3.242000102996826
2022-08-23,3.180999994277954,2.703000068664551,3.053999900817871,3.25600004196167
2022-08-24,3.2309999465942383,2.7130000591278076,3.1059999465942383,3.321000099182129
2022-08-25,3.1570000648498535,2.7300000190734863,3.0260000228881836,3.2339999675750732
2022-08-26,3.194999933242798,2.755000114440918,3.0350000858306885,3.2049999237060547
2022-08-29,3.263000011444092,2.7980000972747803,3.109999895095825,3.246999979019165
2022-08-30,3.2769999504089355,2.872999906539917,3.109999895095825,3.2200000286102295
2022-08-31,3.2839999198913574,2.859999895095825,3.132999897003174,3.255000114440918
2022-09-01,3.4059998989105225,2.86299991607666,3.265000104904175,3.374000072479248
2022-09-02,3.2980000972747803,2.819999933242798,3.193000078201294,3.3440001010894775
2022-09-06,3.443000078201294,2.8450000286102295,3.3399999141693115,3.4820001125335693
2022-09-07,3.359999895095825,2.933000087738037,3.265000104904175,3.4059998989105225
2022-09-08,3.3970000743865967,2.950000047683716,3.2920000553131104,3.441999912261963
2022-09-09,3.446000099182129,2.9679999351501465,3.321000099182129,3.4560000896453857
2022-09-12,3.4579999446868896,2.994999885559082,3.361999988555908,3.513000011444092
2022-09-13,3.5889999866485596,3.1530001163482666,3.421999931335449,3.506999969482422
2022-09-14,3.5950000286102295,3.128000020980835,3.4119999408721924,3.4690001010894775
2022-09-15,3.6740000247955322,3.0950000286102295,3.4590001106262207,3.4800000190734863
2022-09-16,3.625999927520752,3.069999933242798,3.447999954223633,3.5190000534057617
2022-09-19,3.693000078201294,3.0350000858306885,3.490000009536743,3.505000114440918
2022-09-20,3.75,3.243000030517578,3.571000099182129,3.5810000896453857
2022-09-21,3.7130000591278076,3.190000057220459,3.509999990463257,3.5179998874664307
2022-09-22,3.928999900817871,3.130000114440918,3.7079999446868896,3.6389999389648438
2022-09-23,3.9839999675750732,3.1080000400543213,3.697000026702881,3.611999988555908
2022-09-26,4.158999919891357,3.1649999618530273,3.878000020980835,3.697999954223633
2022-09-27,4.210000038146973,3.25,3.9639999866485596,3.8289999961853027
2022-09-28,3.921999931335449,3.2300000190734863,3.7049999237060547,3.680999994277954
2022-09-29,3.9790000915527344,3.2179999351501465,3.746999979019165,3.693000078201294
2022-09-30,4.040999889373779,3.180000066757202,3.803999900817871,3.765000104904175
2022-10-03,3.882999897003174,3.1500000953674316,3.6510000228881836,3.7060000896453857
2022-10-04,3.8399999141693115,3.315000057220459,3.617000102996826,3.687000036239624
2022-10-05,3.9590001106262207,3.2929999828338623,3.759000062942505,3.765000104904175
2022-10-06,4.059999942779541,3.2880001068115234,3.8259999752044678,3.7939999103546143
2022-10-07,4.135000228881836,3.2929999828338623,3.882999897003174,3.8410000801086426
2022-10-10,4.14900016784668,3.2850000858306885,3.888000011444092,3.8480000495910645
2022-10-11,4.169000148773193,3.3399999141693115,3.938999891281128,3.9019999504089355
2022-10-12,4.111999988555908,3.5329999923706055,3.9019999504089355,3.884000062942505
2022-10-13,4.206999778747559,3.5829999446868896,3.9519999027252197,3.931999921798706
2022-10-14,4.269000053405762,3.628000020980835,4.010000228881836,3.9779999256134033
2022-10-17,4.238999843597412,3.687999963760376,4.014999866485596,4.014999866485596
2022-10-18,4.215000152587891,3.8329999446868896,3.997999906539917,4.020999908447266
2022-10-19,4.349999904632568,3.8929998874664307,4.126999855041504,4.125999927520752
2022-10-20,4.447999954223633,3.890000104904175,4.22599983215332,4.216000080108643
2022-10-21,4.354000091552734,3.884999990463257,4.2129998207092285,4.304999828338623
2022-10-24,4.359000205993652,3.9130001068115234,4.234000205993652,4.36299991607666
2022-10-25,4.256999969482422,3.9649999141693115,4.107999801635742,4.263000011444092
2022-10-26,4.193999767303467,3.930000066757202,4.014999866485596,4.163000106811523
2022-10-27,4.0879998207092285,3.930000066757202,3.937000036239624,4.0920000076293945
2022-10-28,4.190000057220459,3.9700000286102295,4.010000228881836,4.129000186920166
2022-10-31,4.248000144958496,3.9749999046325684,4.077000141143799,4.203999996185303
2022-11-01,4.257999897003174,4.050000190734863,4.052000045776367,4.124000072479248
2022-11-02,4.249000072479248,4.025000095367432,4.059000015258789,4.122000217437744
2022-11-03,4.349999904632568,4.025000095367432,4.124000072479248,4.1519999504089355
2022-11-04,4.326000213623047,4.013000011444092,4.156000137329102,4.245999813079834
2022-11-07,4.39300012588501,3.9830000400543213,4.214000225067139,4.313000202178955
2022-11-08,4.306000232696533,4.090000152587891,4.125999927520752,4.257999897003174
2022-11-09,4.284999847412109,4.0929999351501465,4.151000022888184,4.320000171661377
2022-11-10,3.943000078201294,4.054999828338623,3.8289999961853027,4.080999851226807
2022-11-11,3.937999963760376,4.063000202178955,3.812999963760376,4.058000087738037
2022-11-14,3.996999979019165,4.067999839782715,3.865000009536743,4.058000087738037
2022-11-15,3.921999931335449,4.130000114440918,3.7990000247955322,3.9820001125335693
2022-11-16,3.8499999046325684,4.125,3.691999912261963,3.859999895095825
2022-11-17,3.937000036239624,4.11299991607666,3.7750000953674316,3.890000104904175
2022-11-18,4.0,4.135000228881836,3.818000078201294,3.927000045776367
2022-11-21,4.007999897003174,4.0980000495910645,3.825000047683716,3.9049999713897705
2022-11-22,3.937999963760376,4.197999954223633,3.757999897003174,3.8299999237060547
2022-11-23,3.8919999599456787,4.199999809265137,3.7060000896453857,3.739000082015991
2022-11-25,3.869999885559082,4.175000190734863,3.690999984741211,3.750999927520752
2022-11-28,3.8959999084472656,4.183000087738037,3.703000068664551,3.75
2022-11-29,3.9200000762939453,4.252999782562256,3.747999906539917,3.802999973297119
2022-11-30,3.8320000171661377,4.252999782562256,3.703000068664551,3.822000026702881
2022-12-01,3.680000066757202,4.192999839782715,3.5290000438690186,3.635999917984009
2022-12-02,3.6659998893737793,4.208000183105469,3.50600004196167,3.562000036239624
2022-12-05,3.7929999828338623,4.1579999923706055,3.5989999771118164,3.615999937057495
2022-12-06,3.7330000400543213,4.21999979019165,3.513000011444092,3.5230000019073486
2022-12-07,3.614000082015991,4.183000087738037,3.4079999923706055,3.4149999618530273
2022-12-08,3.7100000381469727,4.150000095367432,3.490999937057495,3.4549999237060547
2022-12-09,3.756999969482422,4.172999858856201,3.566999912261963,3.5490000247955322
2022-12-12,3.802000045776367,4.168000221252441,3.6110000610351562,3.5759999752044678
2022-12-13,3.6470000743865967,4.248000144958496,3.500999927520752,3.5280001163482666
2022-12-14,3.6540000438690186,4.21999979019165,3.503000020980835,3.5390000343322754
2022-12-15,3.625999927520752,4.2129998207092285,3.450000047683716,3.496000051498413
2022-12-16,3.617000102996826,4.163000106811523,3.4820001125335693,3.5329999923706055
2022-12-19,3.7109999656677246,4.163000106811523,3.5810000896453857,3.622999906539917
2022-12-20,3.7839999198913574,4.230000019073486,3.684000015258789,3.736999988555908
2022-12-21,3.7750000953674316,4.204999923706055,3.684000015258789,3.743000030517578
2022-12-22,3.7869999408721924,4.208000183105469,3.6689999103546143,3.7230000495910645
2022-12-23,3.861999988555908,4.192999839782715,3.750999927520752,3.8269999027252197
2022-12-27,3.9630000591278076,4.195000171661377,3.859999895095825,3.944000005722046
2022-12-28,3.9790000915527344,4.3379998207092285,3.88700008392334,3.9739999771118164
2022-12-29,3.9549999237060547,4.295000076293945,3.8350000381469727,3.9240000247955322
2022-12-30,4.0,4.260000228881836,3.878999948501587,3.9749999046325684
2023-01-03,3.944999933242798,4.255000114440918,3.7929999828338623,3.8929998874664307
2023-01-04,3.875,4.400000095367432,3.7090001106262207,3.819999933242798
2023-01-05,3.9100000858306885,4.498000144958496,3.7200000286102295,3.7980000972747803
2023-01-06,3.7119998931884766,4.493000030517578,3.569000005722046,3.691999912261963
2023-01-09,3.6510000228881836,4.482999801635742,3.5169999599456787,3.6500000953674316
